Date,Number of reviews
1996-05-20,1
1996-06-25,1
1996-08-17,1
1996-09-18,1
1996-11-15,1
1996-11-18,2
1996-11-20,2
1996-11-29,1
1996-12-04,1
1996-12-10,1
1996-12-16,7
1996-12-17,5
1996-12-25,1
1997-01-03,1
1997-01-19,1
1997-01-24,1
1997-01-25,1
1997-01-31,1
1997-02-15,2
1997-03-04,1
1997-03-06,1
1997-03-12,1
1997-03-25,1
1997-04-05,1
1997-04-06,1
1997-04-07,1
1997-04-15,1
1997-04-21,1
1997-04-25,1
1997-04-27,1
1997-04-29,1
1997-04-30,1
1997-05-03,7
1997-05-04,1
1997-05-05,1
1997-05-07,1
1997-05-09,1
1997-05-12,1
1997-05-17,1
1997-06-01,1
1997-06-03,1
1997-06-05,1
1997-06-08,1
1997-06-11,2
1997-06-12,1
1997-06-14,1
1997-06-16,1
1997-06-17,4
1997-06-18,1
1997-06-22,1
1997-06-24,1
1997-06-26,3
1997-06-27,1
1997-06-29,1
1997-06-30,1
1997-07-01,2
1997-07-02,1
1997-07-04,1
1997-07-06,1
1997-07-08,1
1997-07-11,2
1997-07-14,1
1997-07-15,1
1997-07-16,2
1997-07-19,1
1997-07-20,2
1997-07-22,2
1997-07-23,1
1997-07-24,2
1997-07-28,1
1997-07-30,1
1997-08-02,1
1997-08-07,4
1997-08-08,8
1997-08-09,11
1997-08-10,11
1997-08-11,14
1997-08-12,7
1997-08-13,11
1997-08-14,17
1997-08-15,9
1997-08-16,9
1997-08-17,8
1997-08-18,11
1997-08-19,15
1997-08-20,9
1997-08-21,21
1997-08-22,19
1997-08-23,12
1997-08-24,10
1997-08-25,20
1997-08-26,26
1997-08-27,6
1997-08-28,15
1997-08-29,10
1997-08-30,5
1997-08-31,5
1997-09-01,10
1997-09-02,10
1997-09-03,14
1997-09-04,13
1997-09-05,1
1997-09-06,7
1997-09-07,11
1997-09-08,17
1997-09-09,7
1997-09-10,8
1997-09-11,9
1997-09-12,5
1997-09-13,1
1997-09-15,1
1997-09-16,3
1997-09-17,15
1997-09-18,10
1997-09-19,8
1997-09-20,6
1997-09-21,7
1997-09-22,21
1997-09-23,8
1997-09-24,6
1997-09-26,11
1997-09-27,13
1997-09-28,23
1997-09-29,3
1997-09-30,18
1997-10-01,13
1997-10-02,18
1997-10-03,24
1997-10-04,20
1997-10-05,17
1997-10-06,26
1997-10-07,14
1997-10-08,10
1997-10-09,10
1997-10-10,9
1997-10-11,9
1997-10-12,13
1997-10-13,23
1997-10-14,16
1997-10-15,21
1997-10-16,11
1997-10-17,16
1997-10-18,18
1997-10-19,19
1997-10-20,19
1997-10-21,17
1997-10-22,12
1997-10-23,23
1997-10-24,28
1997-10-25,19
1997-10-26,9
1997-10-27,13
1997-10-28,19
1997-10-29,14
1997-10-30,12
1997-10-31,9
1997-11-01,9
1997-11-02,13
1997-11-03,20
1997-11-04,18
1997-11-05,13
1997-11-06,7
1997-11-07,21
1997-11-08,9
1997-11-09,6
1997-11-10,12
1997-11-11,9
1997-11-12,17
1997-11-13,10
1997-11-14,15
1997-11-15,15
1997-11-16,10
1997-11-17,6
1997-11-18,10
1997-11-19,11
1997-11-20,22
1997-11-21,18
1997-11-22,5
1997-11-23,22
1997-11-24,23
1997-11-25,15
1997-11-26,38
1997-11-27,11
1997-11-28,13
1997-11-29,12
1997-11-30,13
1997-12-01,18
1997-12-02,19
1997-12-03,11
1997-12-04,19
1997-12-05,19
1997-12-06,10
1997-12-07,15
1997-12-08,14
1997-12-09,14
1997-12-10,16
1997-12-11,6
1997-12-12,5
1997-12-13,22
1997-12-14,11
1997-12-15,19
1997-12-16,24
1997-12-17,12
1997-12-18,22
1997-12-19,18
1997-12-20,10
1997-12-21,15
1997-12-22,18
1997-12-23,18
1997-12-24,10
1997-12-25,9
1997-12-26,18
1997-12-27,17
1997-12-28,7
1997-12-29,20
1997-12-30,18
1997-12-31,26
1998-01-01,11
1998-01-02,16
1998-01-03,21
1998-01-04,15
1998-01-05,15
1998-01-06,23
1998-01-07,3
1998-01-08,18
1998-01-09,32
1998-01-10,26
1998-01-11,25
1998-01-12,23
1998-01-13,19
1998-01-14,17
1998-01-15,23
1998-01-16,20
1998-01-17,20
1998-01-18,19
1998-01-19,25
1998-01-20,21
1998-01-21,19
1998-01-22,18
1998-01-23,27
1998-01-24,15
1998-01-25,17
1998-01-26,19
1998-01-27,24
1998-01-28,11
1998-01-29,12
1998-01-30,19
1998-01-31,26
1998-02-01,28
1998-02-02,18
1998-02-03,27
1998-02-04,25
1998-02-05,24
1998-02-06,14
1998-02-07,18
1998-02-08,34
1998-02-09,27
1998-02-10,22
1998-02-11,26
1998-02-12,7
1998-02-14,11
1998-02-15,30
1998-02-16,20
1998-02-17,39
1998-02-18,23
1998-02-19,28
1998-02-20,31
1998-02-21,12
1998-02-22,8
1998-02-23,16
1998-02-24,26
1998-02-25,21
1998-02-26,5
1998-02-27,6
1998-02-28,18
1998-03-01,18
1998-03-02,25
1998-03-03,20
1998-03-04,25
1998-03-05,26
1998-03-06,18
1998-03-07,15
1998-03-08,33
1998-03-09,31
1998-03-10,18
1998-03-11,23
1998-03-12,28
1998-03-13,20
1998-03-14,1
1998-03-15,11
1998-03-16,25
1998-03-17,34
1998-03-18,23
1998-03-19,33
1998-03-20,27
1998-03-21,22
1998-03-22,17
1998-03-23,38
1998-03-24,22
1998-03-25,28
1998-03-26,15
1998-03-27,20
1998-03-28,26
1998-03-29,20
1998-03-30,24
1998-03-31,32
1998-04-01,23
1998-04-02,31
1998-04-03,24
1998-04-04,27
1998-04-05,28
1998-04-06,24
1998-04-07,28
1998-04-08,29
1998-04-09,35
1998-04-10,36
1998-04-11,11
1998-04-12,23
1998-04-13,33
1998-04-14,37
1998-04-15,32
1998-04-16,31
1998-04-17,34
1998-04-18,25
1998-04-19,17
1998-04-20,40
1998-04-21,34
1998-04-22,21
1998-04-23,20
1998-04-24,12
1998-04-25,24
1998-04-26,20
1998-04-27,31
1998-04-28,28
1998-04-29,30
1998-04-30,29
1998-05-01,27
1998-05-02,19
1998-05-03,21
1998-05-04,28
1998-05-05,26
1998-05-06,29
1998-05-07,22
1998-05-08,42
1998-05-09,14
1998-05-10,26
1998-05-11,36
1998-05-12,37
1998-05-13,24
1998-05-14,27
1998-05-15,23
1998-05-16,18
1998-05-17,29
1998-05-18,37
1998-05-19,27
1998-05-20,30
1998-05-21,25
1998-05-22,24
1998-05-23,22
1998-05-24,30
1998-05-25,30
1998-05-26,31
1998-05-27,33
1998-05-28,28
1998-05-29,28
1998-05-30,27
1998-05-31,17
1998-06-01,45
1998-06-02,29
1998-06-03,39
1998-06-04,47
1998-06-05,25
1998-06-06,13
1998-06-07,30
1998-06-08,23
1998-06-09,24
1998-06-10,26
1998-06-11,34
1998-06-12,39
1998-06-13,20
1998-06-14,37
1998-06-15,40
1998-06-16,35
1998-06-17,33
1998-06-18,26
1998-06-19,34
1998-06-20,17
1998-06-21,29
1998-06-22,31
1998-06-23,35
1998-06-24,26
1998-06-25,28
1998-06-26,33
1998-06-27,36
1998-06-28,33
1998-06-29,34
1998-06-30,28
1998-07-01,24
1998-07-02,30
1998-07-03,18
1998-07-04,18
1998-07-05,33
1998-07-06,30
1998-07-07,45
1998-07-08,46
1998-07-09,26
1998-07-10,29
1998-07-11,27
1998-07-12,35
1998-07-13,35
1998-07-14,38
1998-07-15,46
1998-07-16,33
1998-07-17,44
1998-07-18,32
1998-07-19,40
1998-07-20,32
1998-07-21,41
1998-07-22,30
1998-07-23,34
1998-07-24,42
1998-07-25,17
1998-07-26,29
1998-07-27,40
1998-07-28,30
1998-07-29,45
1998-07-30,31
1998-07-31,39
1998-08-01,18
1998-08-02,19
1998-08-03,28
1998-08-04,44
1998-08-05,23
1998-08-06,20
1998-08-07,28
1998-08-08,13
1998-08-09,11
1998-08-10,21
1998-08-11,26
1998-08-12,21
1998-08-13,17
1998-08-14,8
1998-08-15,5
1998-08-16,3
1998-08-17,5
1998-08-18,6
1998-08-19,7
1998-08-20,9
1998-08-21,30
1998-08-22,52
1998-08-23,200
1998-08-24,35
1998-08-25,34
1998-08-26,41
1998-08-27,22
1998-08-28,26
1998-08-29,29
1998-08-30,22
1998-08-31,13
1998-09-01,31
1998-09-02,30
1998-09-03,19
1998-09-04,40
1998-09-05,24
1998-09-06,23
1998-09-07,36
1998-09-09,16
1998-09-10,25
1998-09-11,18
1998-09-12,20
1998-09-13,20
1998-09-14,25
1998-09-15,28
1998-09-16,31
1998-09-17,22
1998-09-18,18
1998-09-19,11
1998-09-20,32
1998-09-21,32
1998-09-22,46
1998-09-23,25
1998-09-24,23
1998-09-25,36
1998-09-26,36
1998-09-27,29
1998-09-28,25
1998-09-29,36
1998-09-30,21
1998-10-01,25
1998-10-02,40
1998-10-03,35
1998-10-04,23
1998-10-05,18
1998-10-06,34
1998-10-07,37
1998-10-08,26
1998-10-09,32
1998-10-10,18
1998-10-11,28
1998-10-12,42
1998-10-13,38
1998-10-14,23
1998-10-15,45
1998-10-16,34
1998-10-17,18
1998-10-18,20
1998-10-19,26
1998-10-20,24
1998-10-21,23
1998-10-22,24
1998-10-23,39
1998-10-24,30
1998-10-25,35
1998-10-26,30
1998-10-27,33
1998-10-28,36
1998-10-29,37
1998-10-30,35
1998-10-31,22
1998-11-01,29
1998-11-02,39
1998-11-03,23
1998-11-04,23
1998-11-05,35
1998-11-06,28
1998-11-07,16
1998-11-08,14
1998-11-09,31
1998-11-10,39
1998-11-11,30
1998-11-12,15
1998-11-13,30
1998-11-14,30
1998-11-15,36
1998-11-16,27
1998-11-17,30
1998-11-18,30
1998-11-19,37
1998-11-20,18
1998-11-21,16
1998-11-22,34
1998-11-23,25
1998-11-24,31
1998-11-25,30
1998-11-26,28
1998-11-27,24
1998-11-28,24
1998-11-29,24
1998-11-30,40
1998-12-01,48
1998-12-02,42
1998-12-03,24
1998-12-04,30
1998-12-05,33
1998-12-06,41
1998-12-07,38
1998-12-08,24
1998-12-09,29
1998-12-10,26
1998-12-11,21
1998-12-12,22
1998-12-13,34
1998-12-14,27
1998-12-15,25
1998-12-16,20
1998-12-17,22
1998-12-18,9
1998-12-19,9
1998-12-20,15
1998-12-21,22
1998-12-22,25
1998-12-23,12
1998-12-24,19
1998-12-25,12
1998-12-26,38
1998-12-27,27
1998-12-28,53
1998-12-29,29
1998-12-30,38
1998-12-31,34
1999-01-01,31
1999-01-02,40
1999-01-03,36
1999-01-04,34
1999-01-05,43
1999-01-06,46
1999-01-07,20
1999-01-08,49
1999-01-09,27
1999-01-10,31
1999-01-11,35
1999-01-12,20
1999-01-13,16
1999-01-14,24
1999-01-15,39
1999-01-16,19
1999-01-17,22
1999-01-18,38
1999-01-19,34
1999-01-20,28
1999-01-21,51
1999-01-22,47
1999-01-23,37
1999-01-24,54
1999-01-25,44
1999-01-26,22
1999-01-27,47
1999-01-28,53
1999-01-29,17
1999-01-30,18
1999-01-31,22
1999-02-01,45
1999-02-02,44
1999-02-03,29
1999-02-04,43
1999-02-05,36
1999-02-06,30
1999-02-07,28
1999-02-08,38
1999-02-09,44
1999-02-10,32
1999-02-11,37
1999-02-12,31
1999-02-13,31
1999-02-14,48
1999-02-15,37
1999-02-16,34
1999-02-17,28
1999-02-18,26
1999-02-19,35
1999-02-20,32
1999-02-21,19
1999-02-22,36
1999-02-23,33
1999-02-24,31
1999-02-25,28
1999-02-26,28
1999-02-27,22
1999-02-28,38
1999-03-01,41
1999-03-02,30
1999-03-03,39
1999-03-04,31
1999-03-05,33
1999-03-06,30
1999-03-07,38
1999-03-08,33
1999-03-09,31
1999-03-10,30
1999-03-11,34
1999-03-12,28
1999-03-13,25
1999-03-14,27
1999-03-15,37
1999-03-16,39
1999-03-17,30
1999-03-18,28
1999-03-19,32
1999-03-20,25
1999-03-21,27
1999-03-22,36
1999-03-23,39
1999-03-24,37
1999-03-25,27
1999-03-26,50
1999-03-27,28
1999-03-28,37
1999-03-29,28
1999-03-30,28
1999-03-31,40
1999-04-01,25
1999-04-02,34
1999-04-03,27
1999-04-04,34
1999-04-05,58
1999-04-06,36
1999-04-07,41
1999-04-08,43
1999-04-09,41
1999-04-10,29
1999-04-11,39
1999-04-12,29
1999-04-13,41
1999-04-14,41
1999-04-15,20
1999-04-16,49
1999-04-17,29
1999-04-18,38
1999-04-19,33
1999-04-20,45
1999-04-21,35
1999-04-22,32
1999-04-23,37
1999-04-24,46
1999-04-25,29
1999-04-26,48
1999-04-27,29
1999-04-28,56
1999-04-29,36
1999-04-30,44
1999-05-01,25
1999-05-02,39
1999-05-03,41
1999-05-04,31
1999-05-05,33
1999-05-06,39
1999-05-07,43
1999-05-08,39
1999-05-09,26
1999-05-10,38
1999-05-11,34
1999-05-12,51
1999-05-13,36
1999-05-14,47
1999-05-15,39
1999-05-16,25
1999-05-17,44
1999-05-18,41
1999-05-19,42
1999-05-20,32
1999-05-21,50
1999-05-22,28
1999-05-23,42
1999-05-24,43
1999-05-25,31
1999-05-26,41
1999-05-27,41
1999-05-28,40
1999-05-29,31
1999-05-30,38
1999-05-31,32
1999-06-01,51
1999-06-02,50
1999-06-03,57
1999-06-04,55
1999-06-05,46
1999-06-06,42
1999-06-07,50
1999-06-08,36
1999-06-09,55
1999-06-10,41
1999-06-11,45
1999-06-12,40
1999-06-13,46
1999-06-14,61
1999-06-15,52
1999-06-16,54
1999-06-17,59
1999-06-18,48
1999-06-19,25
1999-06-20,42
1999-06-21,66
1999-06-22,46
1999-06-23,33
1999-06-24,53
1999-06-25,39
1999-06-26,39
1999-06-27,42
1999-06-28,66
1999-06-29,39
1999-06-30,34
1999-07-01,42
1999-07-02,42
1999-07-03,29
1999-07-04,28
1999-07-05,45
1999-07-06,38
1999-07-07,64
1999-07-08,48
1999-07-09,45
1999-07-10,33
1999-07-11,31
1999-07-12,39
1999-07-13,47
1999-07-14,44
1999-07-15,30
1999-07-16,39
1999-07-17,20
1999-07-18,29
1999-07-19,43
1999-07-20,53
1999-07-21,42
1999-07-22,41
1999-07-23,46
1999-07-24,35
1999-07-25,31
1999-07-26,46
1999-07-27,42
1999-07-28,43
1999-07-29,35
1999-07-30,48
1999-07-31,33
1999-08-01,37
1999-08-02,61
1999-08-03,64
1999-08-04,41
1999-08-05,36
1999-08-06,53
1999-08-07,33
1999-08-08,38
1999-08-09,53
1999-08-10,46
1999-08-11,36
1999-08-12,31
1999-08-13,46
1999-08-14,22
1999-08-15,37
1999-08-16,56
1999-08-17,43
1999-08-18,40
1999-08-19,43
1999-08-20,27
1999-08-21,52
1999-08-22,35
1999-08-23,42
1999-08-24,37
1999-08-25,53
1999-08-26,45
1999-08-27,33
1999-08-28,25
1999-08-29,24
1999-08-30,54
1999-08-31,35
1999-09-01,42
1999-09-02,36
1999-09-03,49
1999-09-04,31
1999-09-05,41
1999-09-06,40
1999-09-07,51
1999-09-08,37
1999-09-09,71
1999-09-10,56
1999-09-11,23
1999-09-12,44
1999-09-13,38
1999-09-14,42
1999-09-15,47
1999-09-16,43
1999-09-17,39
1999-09-18,26
1999-09-19,46
1999-09-20,48
1999-09-21,41
1999-09-22,37
1999-09-23,39
1999-09-24,45
1999-09-25,32
1999-09-26,31
1999-09-27,38
1999-09-28,32
1999-09-29,34
1999-09-30,44
1999-10-01,44
1999-10-02,37
1999-10-03,37
1999-10-04,37
1999-10-05,44
1999-10-06,66
1999-10-07,67
1999-10-08,63
1999-10-09,68
1999-10-10,66
1999-10-11,82
1999-10-12,72
1999-10-13,71
1999-10-14,82
1999-10-15,85
1999-10-16,72
1999-10-17,53
1999-10-18,57
1999-10-19,90
1999-10-20,82
1999-10-21,94
1999-10-22,56
1999-10-23,57
1999-10-24,52
1999-10-25,96
1999-10-26,101
1999-10-27,97
1999-10-28,61
1999-10-29,56
1999-10-30,53
1999-10-31,52
1999-11-01,67
1999-11-02,105
1999-11-03,101
1999-11-04,40
1999-11-05,77
1999-11-06,49
1999-11-07,57
1999-11-08,75
1999-11-09,66
1999-11-10,53
1999-11-11,15
1999-11-12,18
1999-11-13,11
1999-11-14,23
1999-11-15,37
1999-11-16,72
1999-11-17,74
1999-11-18,61
1999-11-19,46
1999-11-20,54
1999-11-21,95
1999-11-22,119
1999-11-23,113
1999-11-24,117
1999-11-25,122
1999-11-26,108
1999-11-27,131
1999-11-28,181
1999-11-29,201
1999-11-30,169
1999-12-01,173
1999-12-02,184
1999-12-03,185
1999-12-04,136
1999-12-05,119
1999-12-06,156
1999-12-07,170
1999-12-08,169
1999-12-09,154
1999-12-10,164
1999-12-11,119
1999-12-12,126
1999-12-13,147
1999-12-14,155
1999-12-15,165
1999-12-16,164
1999-12-17,169
1999-12-18,107
1999-12-19,80
1999-12-20,149
1999-12-21,158
1999-12-22,182
1999-12-23,171
1999-12-24,97
1999-12-25,60
1999-12-26,148
1999-12-27,161
1999-12-28,161
1999-12-29,207
1999-12-30,189
1999-12-31,107
2000-01-01,152
2000-01-02,119
2000-01-03,235
2000-01-04,205
2000-01-05,209
2000-01-06,254
2000-01-07,196
2000-01-08,164
2000-01-09,187
2000-01-10,197
2000-01-11,217
2000-01-12,182
2000-01-13,209
2000-01-14,171
2000-01-15,136
2000-01-16,170
2000-01-17,188
2000-01-18,176
2000-01-19,188
2000-01-20,135
2000-01-21,179
2000-01-22,163
2000-01-23,177
2000-01-24,176
2000-01-25,205
2000-01-26,205
2000-01-27,211
2000-01-28,170
2000-01-29,167
2000-01-30,183
2000-01-31,188
2000-02-01,165
2000-02-02,197
2000-02-03,196
2000-02-04,155
2000-02-05,146
2000-02-06,155
2000-02-07,215
2000-02-08,185
2000-02-09,179
2000-02-10,152
2000-02-11,162
2000-02-12,135
2000-02-13,168
2000-02-14,173
2000-02-15,173
2000-02-16,170
2000-02-17,208
2000-02-18,153
2000-02-19,132
2000-02-20,131
2000-02-21,200
2000-02-22,184
2000-02-23,167
2000-02-24,165
2000-02-25,178
2000-02-26,166
2000-02-27,167
2000-02-28,153
2000-02-29,164
2000-03-01,185
2000-03-02,178
2000-03-03,183
2000-03-04,167
2000-03-05,165
2000-03-06,154
2000-03-07,158
2000-03-08,178
2000-03-09,175
2000-03-10,173
2000-03-11,170
2000-03-12,170
2000-03-13,199
2000-03-14,210
2000-03-15,188
2000-03-16,196
2000-03-17,186
2000-03-18,168
2000-03-19,166
2000-03-20,229
2000-03-21,203
2000-03-22,206
2000-03-23,219
2000-03-24,177
2000-03-25,167
2000-03-26,173
2000-03-27,216
2000-03-28,187
2000-03-29,213
2000-03-30,225
2000-03-31,182
2000-04-01,200
2000-04-02,155
2000-04-03,204
2000-04-04,267
2000-04-05,221
2000-04-06,276
2000-04-07,246
2000-04-08,196
2000-04-09,204
2000-04-10,217
2000-04-11,181
2000-04-12,200
2000-04-13,184
2000-04-14,158
2000-04-15,162
2000-04-16,130
2000-04-17,204
2000-04-18,205
2000-04-19,210
2000-04-20,188
2000-04-21,225
2000-04-22,138
2000-04-23,180
2000-04-24,243
2000-04-25,309
2000-04-26,307
2000-04-27,370
2000-04-28,250
2000-04-29,272
2000-04-30,239
2000-05-01,323
2000-05-02,328
2000-05-03,363
2000-05-04,372
2000-05-05,302
2000-05-06,210
2000-05-07,213
2000-05-08,294
2000-05-09,269
2000-05-10,301
2000-05-11,320
2000-05-12,307
2000-05-13,206
2000-05-14,202
2000-05-15,334
2000-05-16,342
2000-05-17,346
2000-05-18,328
2000-05-19,283
2000-05-20,207
2000-05-21,257
2000-05-22,333
2000-05-23,320
2000-05-24,279
2000-05-25,360
2000-05-26,294
2000-05-27,269
2000-05-28,305
2000-05-29,257
2000-05-30,341
2000-05-31,347
2000-06-01,384
2000-06-02,318
2000-06-03,228
2000-06-04,265
2000-06-05,299
2000-06-06,352
2000-06-07,333
2000-06-08,308
2000-06-09,312
2000-06-10,260
2000-06-11,299
2000-06-12,384
2000-06-13,384
2000-06-14,360
2000-06-15,357
2000-06-16,305
2000-06-17,283
2000-06-18,271
2000-06-19,341
2000-06-20,283
2000-06-21,333
2000-06-22,293
2000-06-23,280
2000-06-24,248
2000-06-25,236
2000-06-26,309
2000-06-27,362
2000-06-28,326
2000-06-29,326
2000-06-30,281
2000-07-01,219
2000-07-02,244
2000-07-03,310
2000-07-04,331
2000-07-05,380
2000-07-06,327
2000-07-07,317
2000-07-08,231
2000-07-09,328
2000-07-10,383
2000-07-11,377
2000-07-12,335
2000-07-13,353
2000-07-14,343
2000-07-15,296
2000-07-16,313
2000-07-17,342
2000-07-18,349
2000-07-19,372
2000-07-20,312
2000-07-21,298
2000-07-22,236
2000-07-23,210
2000-07-24,340
2000-07-25,301
2000-07-26,347
2000-07-27,289
2000-07-28,333
2000-07-29,205
2000-07-30,288
2000-07-31,378
2000-08-01,338
2000-08-02,350
2000-08-03,331
2000-08-04,319
2000-08-05,252
2000-08-06,294
2000-08-07,355
2000-08-08,350
2000-08-09,317
2000-08-10,279
2000-08-11,265
2000-08-12,226
2000-08-13,259
2000-08-14,341
2000-08-15,339
2000-08-16,323
2000-08-17,277
2000-08-18,296
2000-08-19,305
2000-08-20,220
2000-08-21,328
2000-08-22,257
2000-08-23,303
2000-08-24,247
2000-08-25,227
2000-08-26,203
2000-08-27,220
2000-08-28,277
2000-08-29,311
2000-08-30,298
2000-08-31,255
2000-09-01,170
2000-09-02,204
2000-09-03,246
2000-09-04,303
2000-09-05,328
2000-09-06,319
2000-09-07,303
2000-09-08,302
2000-09-09,277
2000-09-10,77
2000-09-11,113
2000-09-12,241
2000-09-13,245
2000-09-14,261
2000-09-15,180
2000-09-16,136
2000-09-17,171
2000-09-18,248
2000-09-19,244
2000-09-20,286
2000-09-21,178
2000-09-22,204
2000-09-23,172
2000-09-24,206
2000-09-25,215
2000-09-26,225
2000-09-27,234
2000-09-28,273
2000-09-29,260
2000-09-30,187
2000-10-01,240
2000-10-02,282
2000-10-03,270
2000-10-04,287
2000-10-05,305
2000-10-06,259
2000-10-07,144
2000-10-08,157
2000-10-09,300
2000-10-10,278
2000-10-11,271
2000-10-12,245
2000-10-13,301
2000-10-14,174
2000-10-15,217
2000-10-16,242
2000-10-17,251
2000-10-18,303
2000-10-19,248
2000-10-20,217
2000-10-21,205
2000-10-22,191
2000-10-23,259
2000-10-24,253
2000-10-25,245
2000-10-26,193
2000-10-27,191
2000-10-28,164
2000-10-29,155
2000-10-30,245
2000-10-31,245
2000-11-01,235
2000-11-02,227
2000-11-03,216
2000-11-04,177
2000-11-05,183
2000-11-06,235
2000-11-07,220
2000-11-08,230
2000-11-09,207
2000-11-10,192
2000-11-11,192
2000-11-12,204
2000-11-13,273
2000-11-14,255
2000-11-15,258
2000-11-16,206
2000-11-17,208
2000-11-18,186
2000-11-19,200
2000-11-20,233
2000-11-21,276
2000-11-22,249
2000-11-23,162
2000-11-24,170
2000-11-25,236
2000-11-26,251
2000-11-27,283
2000-11-28,258
2000-11-29,239
2000-11-30,220
2000-12-01,195
2000-12-02,200
2000-12-03,222
2000-12-04,260
2000-12-05,225
2000-12-06,260
2000-12-07,258
2000-12-08,205
2000-12-09,191
2000-12-10,230
2000-12-11,257
2000-12-12,236
2000-12-13,246
2000-12-14,253
2000-12-15,209
2000-12-16,198
2000-12-17,196
2000-12-18,241
2000-12-19,259
2000-12-20,229
2000-12-21,204
2000-12-22,172
2000-12-23,185
2000-12-24,116
2000-12-25,164
2000-12-26,239
2000-12-27,264
2000-12-28,275
2000-12-29,287
2000-12-30,253
2000-12-31,204
2001-01-01,243
2001-01-02,347
2001-01-03,328
2001-01-04,303
2001-01-05,280
2001-01-06,213
2001-01-07,245
2001-01-08,308
2001-01-09,285
2001-01-10,248
2001-01-11,342
2001-01-12,223
2001-01-13,188
2001-01-14,235
2001-01-15,274
2001-01-16,256
2001-01-17,238
2001-01-18,231
2001-01-19,260
2001-01-20,199
2001-01-21,228
2001-01-22,273
2001-01-23,312
2001-01-24,309
2001-01-25,285
2001-01-26,255
2001-01-27,218
2001-01-28,229
2001-01-29,267
2001-01-30,273
2001-01-31,239
2001-02-01,279
2001-02-02,278
2001-02-03,199
2001-02-04,231
2001-02-05,298
2001-02-06,282
2001-02-07,256
2001-02-08,220
2001-02-09,242
2001-02-10,233
2001-02-11,243
2001-02-12,261
2001-02-13,257
2001-02-14,277
2001-02-15,344
2001-02-16,216
2001-02-17,212
2001-02-18,263
2001-02-19,287
2001-02-20,276
2001-02-21,296
2001-02-22,289
2001-02-23,223
2001-02-24,261
2001-02-25,207
2001-02-26,227
2001-02-27,251
2001-02-28,225
2001-03-01,236
2001-03-02,225
2001-03-03,224
2001-03-04,242
2001-03-05,248
2001-03-06,272
2001-03-07,240
2001-03-08,271
2001-03-09,239
2001-03-10,229
2001-03-11,209
2001-03-12,285
2001-03-13,264
2001-03-14,249
2001-03-15,209
2001-03-16,238
2001-03-17,223
2001-03-18,243
2001-03-19,267
2001-03-20,291
2001-03-21,258
2001-03-22,251
2001-03-23,227
2001-03-24,208
2001-03-25,181
2001-03-26,230
2001-03-27,266
2001-03-28,265
2001-03-29,239
2001-03-30,207
2001-03-31,227
2001-04-01,219
2001-04-02,263
2001-04-03,250
2001-04-04,258
2001-04-05,239
2001-04-06,199
2001-04-07,172
2001-04-08,192
2001-04-09,248
2001-04-10,273
2001-04-11,235
2001-04-12,246
2001-04-13,214
2001-04-14,199
2001-04-15,182
2001-04-16,285
2001-04-17,300
2001-04-18,294
2001-04-19,292
2001-04-20,249
2001-04-21,217
2001-04-22,181
2001-04-23,275
2001-04-24,236
2001-04-25,247
2001-04-26,275
2001-04-27,230
2001-04-28,180
2001-04-29,192
2001-04-30,305
2001-05-01,253
2001-05-02,256
2001-05-03,238
2001-05-04,196
2001-05-05,157
2001-05-06,165
2001-05-07,242
2001-05-08,286
2001-05-09,239
2001-05-10,261
2001-05-11,234
2001-05-12,187
2001-05-13,239
2001-05-14,238
2001-05-15,263
2001-05-16,317
2001-05-17,261
2001-05-18,274
2001-05-19,215
2001-05-20,307
2001-05-21,299
2001-05-22,331
2001-05-23,292
2001-05-24,331
2001-05-25,321
2001-05-26,225
2001-05-27,258
2001-05-28,276
2001-05-29,313
2001-05-30,256
2001-05-31,280
2001-06-01,285
2001-06-02,221
2001-06-03,221
2001-06-04,302
2001-06-05,331
2001-06-06,313
2001-06-07,293
2001-06-08,269
2001-06-09,211
2001-06-10,259
2001-06-11,320
2001-06-12,343
2001-06-13,275
2001-06-14,298
2001-06-15,315
2001-06-16,221
2001-06-17,267
2001-06-18,366
2001-06-19,359
2001-06-20,320
2001-06-21,257
2001-06-22,255
2001-06-23,281
2001-06-24,213
2001-06-25,367
2001-06-26,344
2001-06-27,306
2001-06-28,319
2001-06-29,273
2001-06-30,203
2001-07-01,237
2001-07-02,289
2001-07-03,368
2001-07-04,383
2001-07-05,321
2001-07-06,312
2001-07-07,305
2001-07-08,338
2001-07-09,372
2001-07-10,310
2001-07-11,288
2001-07-12,355
2001-07-13,270
2001-07-14,300
2001-07-15,258
2001-07-16,339
2001-07-17,332
2001-07-18,332
2001-07-19,300
2001-07-20,245
2001-07-21,240
2001-07-22,247
2001-07-23,363
2001-07-24,346
2001-07-25,319
2001-07-26,324
2001-07-27,342
2001-07-28,256
2001-07-29,262
2001-07-30,357
2001-07-31,419
2001-08-01,348
2001-08-02,293
2001-08-03,300
2001-08-04,260
2001-08-05,267
2001-08-06,323
2001-08-07,384
2001-08-08,360
2001-08-09,401
2001-08-10,309
2001-08-11,251
2001-08-12,295
2001-08-13,335
2001-08-14,287
2001-08-15,307
2001-08-16,329
2001-08-17,340
2001-08-18,231
2001-08-19,298
2001-08-20,344
2001-08-21,303
2001-08-22,336
2001-08-23,338
2001-08-24,354
2001-08-25,226
2001-08-26,291
2001-08-27,345
2001-08-28,380
2001-08-29,376
2001-08-30,313
2001-08-31,322
2001-09-01,236
2001-09-02,271
2001-09-03,358
2001-09-04,331
2001-09-05,350
2001-09-06,318
2001-09-07,257
2001-09-08,212
2001-09-09,285
2001-09-10,355
2001-09-11,195
2001-09-12,206
2001-09-13,161
2001-09-14,185
2001-09-15,151
2001-09-16,185
2001-09-17,264
2001-09-18,282
2001-09-19,267
2001-09-20,225
2001-09-21,220
2001-09-22,195
2001-09-23,209
2001-09-24,261
2001-09-25,300
2001-09-26,253
2001-09-27,232
2001-09-28,217
2001-09-29,193
2001-09-30,205
2001-10-01,280
2001-10-02,269
2001-10-03,266
2001-10-04,235
2001-10-05,193
2001-10-06,1
2001-10-08,162
2001-10-09,287
2001-10-10,391
2001-10-11,261
2001-10-12,132
2001-10-13,123
2001-10-14,210
2001-10-15,194
2001-10-16,276
2001-10-17,645
2001-10-18,271
2001-10-19,231
2001-10-20,212
2001-10-21,230
2001-10-22,264
2001-10-23,249
2001-10-24,264
2001-10-25,227
2001-10-26,235
2001-10-27,223
2001-10-28,284
2001-10-29,318
2001-10-30,304
2001-10-31,248
2001-11-01,284
2001-11-02,235
2001-11-03,181
2001-11-04,295
2001-11-05,327
2001-11-06,272
2001-11-07,334
2001-11-08,294
2001-11-09,246
2001-11-10,236
2001-11-11,305
2001-11-12,309
2001-11-13,292
2001-11-14,286
2001-11-15,269
2001-11-16,275
2001-11-17,253
2001-11-18,235
2001-11-19,236
2001-11-20,306
2001-11-21,257
2001-11-22,174
2001-11-23,254
2001-11-24,267
2001-11-25,265
2001-11-26,326
2001-11-27,322
2001-11-28,349
2001-11-29,270
2001-11-30,232
2001-12-01,214
2001-12-02,259
2001-12-03,278
2001-12-04,277
2001-12-05,317
2001-12-06,260
2001-12-07,257
2001-12-08,201
2001-12-09,265
2001-12-10,297
2001-12-11,257
2001-12-12,343
2001-12-13,260
2001-12-14,254
2001-12-15,217
2001-12-16,250
2001-12-17,242
2001-12-18,294
2001-12-19,269
2001-12-20,242
2001-12-21,253
2001-12-22,173
2001-12-23,154
2001-12-24,187
2001-12-25,175
2001-12-26,306
2001-12-27,325
2001-12-28,315
2001-12-29,243
2001-12-30,266
2001-12-31,299
2002-01-01,293
2002-01-02,356
2002-01-03,377
2002-01-04,416
2002-01-05,297
2002-01-06,281
2002-01-07,333
2002-01-08,316
2002-01-09,321
2002-01-10,301
2002-01-11,264
2002-01-12,242
2002-01-13,264
2002-01-14,293
2002-01-15,277
2002-01-16,311
2002-01-17,254
2002-01-18,284
2002-01-19,221
2002-01-20,260
2002-01-21,291
2002-01-22,285
2002-01-23,316
2002-01-24,311
2002-01-25,272
2002-01-26,283
2002-01-27,229
2002-01-28,295
2002-01-29,289
2002-01-30,301
2002-01-31,282
2002-02-01,308
2002-02-02,198
2002-02-03,255
2002-02-04,292
2002-02-05,337
2002-02-06,306
2002-02-07,298
2002-02-08,261
2002-02-09,241
2002-02-10,229
2002-02-11,321
2002-02-12,283
2002-02-13,251
2002-02-14,240
2002-02-15,223
2002-02-16,219
2002-02-17,231
2002-02-18,281
2002-02-19,280
2002-02-20,271
2002-02-21,275
2002-02-22,286
2002-02-23,203
2002-02-24,254
2002-02-25,294
2002-02-26,299
2002-02-27,308
2002-02-28,326
2002-03-01,253
2002-03-02,241
2002-03-03,288
2002-03-04,288
2002-03-05,288
2002-03-06,304
2002-03-07,261
2002-03-08,239
2002-03-09,276
2002-03-10,297
2002-03-11,331
2002-03-12,343
2002-03-13,322
2002-03-14,272
2002-03-15,268
2002-03-16,246
2002-03-17,290
2002-03-18,365
2002-03-19,291
2002-03-20,274
2002-03-21,288
2002-03-22,282
2002-03-23,242
2002-03-24,257
2002-03-25,346
2002-03-26,324
2002-03-27,301
2002-03-28,333
2002-03-29,241
2002-03-30,241
2002-03-31,249
2002-04-01,324
2002-04-02,339
2002-04-03,333
2002-04-04,331
2002-04-05,313
2002-04-06,258
2002-04-07,300
2002-04-08,363
2002-04-09,367
2002-04-10,287
2002-04-11,310
2002-04-12,259
2002-04-13,280
2002-04-14,271
2002-04-15,274
2002-04-16,311
2002-04-17,260
2002-04-18,319
2002-04-19,290
2002-04-20,221
2002-04-21,240
2002-04-22,283
2002-04-23,298
2002-04-24,311
2002-04-25,279
2002-04-26,276
2002-04-27,221
2002-04-28,263
2002-04-29,302
2002-04-30,299
2002-05-01,290
2002-05-02,263
2002-05-03,266
2002-05-04,245
2002-05-05,254
2002-05-06,294
2002-05-07,275
2002-05-08,249
2002-05-09,268
2002-05-10,293
2002-05-11,240
2002-05-12,277
2002-05-13,329
2002-05-14,273
2002-05-15,231
2002-05-16,232
2002-05-17,267
2002-05-18,206
2002-05-19,230
2002-05-20,349
2002-05-21,325
2002-05-22,271
2002-05-23,311
2002-05-24,231
2002-05-25,235
2002-05-26,242
2002-05-27,280
2002-05-28,333
2002-05-29,292
2002-05-30,305
2002-05-31,260
2002-06-01,208
2002-06-02,254
2002-06-03,301
2002-06-04,268
2002-06-05,302
2002-06-06,285
2002-06-07,264
2002-06-08,247
2002-06-09,242
2002-06-10,297
2002-06-11,264
2002-06-12,267
2002-06-13,293
2002-06-14,294
2002-06-15,236
2002-06-16,273
2002-06-17,307
2002-06-18,276
2002-06-19,292
2002-06-20,301
2002-06-21,244
2002-06-22,209
2002-06-23,209
2002-06-24,322
2002-06-25,326
2002-06-26,351
2002-06-27,318
2002-06-28,324
2002-06-29,251
2002-06-30,309
2002-07-01,319
2002-07-02,335
2002-07-03,330
2002-07-04,260
2002-07-05,280
2002-07-06,296
2002-07-07,337
2002-07-08,362
2002-07-09,373
2002-07-10,302
2002-07-11,333
2002-07-12,329
2002-07-13,234
2002-07-14,267
2002-07-15,348
2002-07-16,328
2002-07-17,288
2002-07-18,324
2002-07-19,248
2002-07-20,237
2002-07-21,262
2002-07-22,350
2002-07-23,305
2002-07-24,325
2002-07-25,323
2002-07-26,313
2002-07-27,201
2002-07-28,269
2002-07-29,348
2002-07-30,315
2002-07-31,327
2002-08-01,289
2002-08-02,278
2002-08-03,230
2002-08-04,288
2002-08-05,299
2002-08-06,264
2002-08-07,329
2002-08-08,346
2002-08-09,290
2002-08-10,243
2002-08-11,258
2002-08-12,296
2002-08-13,285
2002-08-14,316
2002-08-15,296
2002-08-16,270
2002-08-17,278
2002-08-18,295
2002-08-19,317
2002-08-20,324
2002-08-21,278
2002-08-22,300
2002-08-23,314
2002-08-24,226
2002-08-25,267
2002-08-26,277
2002-08-27,252
2002-08-28,323
2002-08-29,246
2002-08-30,233
2002-08-31,223
2002-09-01,245
2002-09-02,304
2002-09-03,313
2002-09-04,265
2002-09-05,265
2002-09-06,243
2002-09-07,275
2002-09-08,237
2002-09-09,308
2002-09-10,249
2002-09-11,266
2002-09-12,276
2002-09-13,251
2002-09-14,280
2002-09-15,212
2002-09-16,256
2002-09-17,250
2002-09-18,276
2002-09-19,271
2002-09-20,243
2002-09-21,242
2002-09-22,229
2002-09-23,271
2002-09-24,249
2002-09-25,289
2002-09-26,283
2002-09-27,267
2002-09-28,238
2002-09-29,245
2002-09-30,307
2002-10-01,278
2002-10-02,280
2002-10-03,260
2002-10-04,255
2002-10-05,222
2002-10-06,218
2002-10-07,321
2002-10-08,272
2002-10-09,266
2002-10-10,263
2002-10-11,248
2002-10-12,206
2002-10-13,220
2002-10-14,290
2002-10-15,308
2002-10-16,285
2002-10-17,268
2002-10-18,239
2002-10-19,228
2002-10-20,231
2002-10-21,295
2002-10-22,289
2002-10-23,289
2002-10-24,288
2002-10-25,263
2002-10-26,239
2002-10-27,281
2002-10-28,328
2002-10-29,314
2002-10-30,283
2002-10-31,212
2002-11-01,233
2002-11-02,241
2002-11-03,222
2002-11-04,272
2002-11-05,291
2002-11-06,254
2002-11-07,239
2002-11-08,214
2002-11-09,251
2002-11-10,251
2002-11-11,282
2002-11-12,279
2002-11-13,276
2002-11-14,271
2002-11-15,252
2002-11-16,252
2002-11-17,254
2002-11-18,266
2002-11-19,264
2002-11-20,267
2002-11-21,281
2002-11-22,233
2002-11-23,233
2002-11-24,211
2002-11-25,282
2002-11-26,272
2002-11-27,236
2002-11-28,185
2002-11-29,201
2002-11-30,249
2002-12-01,238
2002-12-02,290
2002-12-03,315
2002-12-04,302
2002-12-05,309
2002-12-06,278
2002-12-07,252
2002-12-08,246
2002-12-09,264
2002-12-10,235
2002-12-11,285
2002-12-12,250
2002-12-13,228
2002-12-14,217
2002-12-15,212
2002-12-16,342
2002-12-17,293
2002-12-18,257
2002-12-19,264
2002-12-20,242
2002-12-21,180
2002-12-22,178
2002-12-23,232
2002-12-24,185
2002-12-25,141
2002-12-26,293
2002-12-27,278
2002-12-28,283
2002-12-29,280
2002-12-30,371
2002-12-31,374
2003-01-01,309
2003-01-02,377
2003-01-03,295
2003-01-04,289
2003-01-05,300
2003-01-06,323
2003-01-07,350
2003-01-08,361
2003-01-09,342
2003-01-10,319
2003-01-11,274
2003-01-12,237
2003-01-13,312
2003-01-14,329
2003-01-15,268
2003-01-16,243
2003-01-17,284
2003-01-18,273
2003-01-19,266
2003-01-20,304
2003-01-21,349
2003-01-22,293
2003-01-23,289
2003-01-24,269
2003-01-25,258
2003-01-26,301
2003-01-27,310
2003-01-28,302
2003-01-29,299
2003-01-30,313
2003-01-31,287
2003-02-01,268
2003-02-02,293
2003-02-03,280
2003-02-04,312
2003-02-05,258
2003-02-06,269
2003-02-07,300
2003-02-08,273
2003-02-09,243
2003-02-10,359
2003-02-11,270
2003-02-12,291
2003-02-13,273
2003-02-14,257
2003-02-15,256
2003-02-16,263
2003-02-17,335
2003-02-18,301
2003-02-19,276
2003-02-20,306
2003-02-21,287
2003-02-22,270
2003-02-23,268
2003-02-24,279
2003-02-25,307
2003-02-26,294
2003-02-27,273
2003-02-28,249
2003-03-01,284
2003-03-02,290
2003-03-03,298
2003-03-04,300
2003-03-05,308
2003-03-06,275
2003-03-07,243
2003-03-08,267
2003-03-09,262
2003-03-10,331
2003-03-11,337
2003-03-12,335
2003-03-13,303
2003-03-14,348
2003-03-15,212
2003-03-16,240
2003-03-17,309
2003-03-18,283
2003-03-19,308
2003-03-20,238
2003-03-21,250
2003-03-22,233
2003-03-23,220
2003-03-24,294
2003-03-25,255
2003-03-26,263
2003-03-27,258
2003-03-28,290
2003-03-29,233
2003-03-30,228
2003-03-31,281
2003-04-01,263
2003-04-02,264
2003-04-03,266
2003-04-04,280
2003-04-05,218
2003-04-06,235
2003-04-07,324
2003-04-08,309
2003-04-09,283
2003-04-10,237
2003-04-11,282
2003-04-12,262
2003-04-13,288
2003-04-14,345
2003-04-15,322
2003-04-16,246
2003-04-17,285
2003-04-18,321
2003-04-19,242
2003-04-20,252
2003-04-21,322
2003-04-22,318
2003-04-23,268
2003-04-24,307
2003-04-25,294
2003-04-26,243
2003-04-27,221
2003-04-28,269
2003-04-29,301
2003-04-30,283
2003-05-01,254
2003-05-02,313
2003-05-03,293
2003-05-04,248
2003-05-05,303
2003-05-06,286
2003-05-07,256
2003-05-08,241
2003-05-09,230
2003-05-10,263
2003-05-11,247
2003-05-12,332
2003-05-13,292
2003-05-14,245
2003-05-15,308
2003-05-16,327
2003-05-17,258
2003-05-18,254
2003-05-19,337
2003-05-20,284
2003-05-21,283
2003-05-22,275
2003-05-23,257
2003-05-24,241
2003-05-25,226
2003-05-26,305
2003-05-27,345
2003-05-28,312
2003-05-29,332
2003-05-30,285
2003-05-31,314
2003-06-01,296
2003-06-02,363
2003-06-03,270
2003-06-04,278
2003-06-05,289
2003-06-06,293
2003-06-07,250
2003-06-08,243
2003-06-09,326
2003-06-10,299
2003-06-11,314
2003-06-12,353
2003-06-13,287
2003-06-14,259
2003-06-15,263
2003-06-16,370
2003-06-17,337
2003-06-18,352
2003-06-19,354
2003-06-20,322
2003-06-21,283
2003-06-22,331
2003-06-23,349
2003-06-24,391
2003-06-25,287
2003-06-26,312
2003-06-27,321
2003-06-28,291
2003-06-29,256
2003-06-30,324
2003-07-01,326
2003-07-02,406
2003-07-03,344
2003-07-04,260
2003-07-05,289
2003-07-06,313
2003-07-07,385
2003-07-08,334
2003-07-09,291
2003-07-10,340
2003-07-11,380
2003-07-12,240
2003-07-13,266
2003-07-14,354
2003-07-15,330
2003-07-16,302
2003-07-17,345
2003-07-18,352
2003-07-19,308
2003-07-20,274
2003-07-21,350
2003-07-22,349
2003-07-23,312
2003-07-24,318
2003-07-25,336
2003-07-26,261
2003-07-27,290
2003-07-28,357
2003-07-29,360
2003-07-30,330
2003-07-31,315
2003-08-01,341
2003-08-02,216
2003-08-03,298
2003-08-04,297
2003-08-05,381
2003-08-06,300
2003-08-07,272
2003-08-08,287
2003-08-09,210
2003-08-10,239
2003-08-11,286
2003-08-12,299
2003-08-13,285
2003-08-14,248
2003-08-15,229
2003-08-16,192
2003-08-17,247
2003-08-18,256
2003-08-19,320
2003-08-20,296
2003-08-21,263
2003-08-22,240
2003-08-23,255
2003-08-24,234
2003-08-25,292
2003-08-26,283
2003-08-27,271
2003-08-28,307
2003-08-29,225
2003-08-30,240
2003-08-31,246
2003-09-01,337
2003-09-02,345
2003-09-03,327
2003-09-04,308
2003-09-05,263
2003-09-06,273
2003-09-07,220
2003-09-08,310
2003-09-09,283
2003-09-10,313
2003-09-11,298
2003-09-12,273
2003-09-13,286
2003-09-14,280
2003-09-15,315
2003-09-16,313
2003-09-17,263
2003-09-18,281
2003-09-19,279
2003-09-20,224
2003-09-21,245
2003-09-22,318
2003-09-23,288
2003-09-24,276
2003-09-25,255
2003-09-26,288
2003-09-27,234
2003-09-28,236
2003-09-29,299
2003-09-30,279
2003-10-01,362
2003-10-02,258
2003-10-03,258
2003-10-04,279
2003-10-05,243
2003-10-06,311
2003-10-07,292
2003-10-08,288
2003-10-09,268
2003-10-10,261
2003-10-11,243
2003-10-12,250
2003-10-13,316
2003-10-14,329
2003-10-15,260
2003-10-16,227
2003-10-17,256
2003-10-18,252
2003-10-19,251
2003-10-20,305
2003-10-21,339
2003-10-22,301
2003-10-23,262
2003-10-24,253
2003-10-25,214
2003-10-26,278
2003-10-27,318
2003-10-28,294
2003-10-29,305
2003-10-30,357
2003-10-31,279
2003-11-01,194
2003-11-02,237
2003-11-03,347
2003-11-04,308
2003-11-05,289
2003-11-06,305
2003-11-07,319
2003-11-08,275
2003-11-09,251
2003-11-10,255
2003-11-11,291
2003-11-12,293
2003-11-13,262
2003-11-14,304
2003-11-15,251
2003-11-16,255
2003-11-17,310
2003-11-18,295
2003-11-19,265
2003-11-20,277
2003-11-21,244
2003-11-22,246
2003-11-23,238
2003-11-24,325
2003-11-25,274
2003-11-26,349
2003-11-27,191
2003-11-28,247
2003-11-29,264
2003-11-30,301
2003-12-01,321
2003-12-02,292
2003-12-03,245
2003-12-04,276
2003-12-05,238
2003-12-06,231
2003-12-07,292
2003-12-08,293
2003-12-09,311
2003-12-10,289
2003-12-11,253
2003-12-12,214
2003-12-13,244
2003-12-14,222
2003-12-15,229
2003-12-16,234
2003-12-17,240
2003-12-18,235
2003-12-19,234
2003-12-20,229
2003-12-21,242
2003-12-22,293
2003-12-23,301
2003-12-24,197
2003-12-25,147
2003-12-26,221
2003-12-27,296
2003-12-28,307
2003-12-29,411
2003-12-30,430
2003-12-31,340
2004-01-01,355
2004-01-02,370
2004-01-03,299
2004-01-04,313
2004-01-05,374
2004-01-06,328
2004-01-07,354
2004-01-08,303
2004-01-09,337
2004-01-10,281
2004-01-11,289
2004-01-12,391
2004-01-13,355
2004-01-14,324
2004-01-15,320
2004-01-16,303
2004-01-17,317
2004-01-18,293
2004-01-19,306
2004-01-20,344
2004-01-21,361
2004-01-22,291
2004-01-23,307
2004-01-24,309
2004-01-25,270
2004-01-26,347
2004-01-27,342
2004-01-28,329
2004-01-29,316
2004-01-30,302
2004-01-31,289
2004-02-01,278
2004-02-02,275
2004-02-03,330
2004-02-04,302
2004-02-05,274
2004-02-06,306
2004-02-07,313
2004-02-08,320
2004-02-09,340
2004-02-10,349
2004-02-11,334
2004-02-12,321
2004-02-13,262
2004-02-14,258
2004-02-15,304
2004-02-16,397
2004-02-17,323
2004-02-18,308
2004-02-19,289
2004-02-20,290
2004-02-21,266
2004-02-22,280
2004-02-23,316
2004-02-24,297
2004-02-25,329
2004-02-26,348
2004-02-27,288
2004-02-28,285
2004-02-29,364
2004-03-01,347
2004-03-02,381
2004-03-03,287
2004-03-04,324
2004-03-05,310
2004-03-06,311
2004-03-07,315
2004-03-08,346
2004-03-09,322
2004-03-10,358
2004-03-11,324
2004-03-12,286
2004-03-13,296
2004-03-14,312
2004-03-15,393
2004-03-16,308
2004-03-17,395
2004-03-18,318
2004-03-19,309
2004-03-20,222
2004-03-21,212
2004-03-22,270
2004-03-23,297
2004-03-24,296
2004-03-25,325
2004-03-26,280
2004-03-27,301
2004-03-28,297
2004-03-29,356
2004-03-30,323
2004-03-31,337
2004-04-01,327
2004-04-02,264
2004-04-03,288
2004-04-04,278
2004-04-05,341
2004-04-06,358
2004-04-07,359
2004-04-08,279
2004-04-09,274
2004-04-10,361
2004-04-11,314
2004-04-12,371
2004-04-13,360
2004-04-14,316
2004-04-15,340
2004-04-16,301
2004-04-17,218
2004-04-18,285
2004-04-19,320
2004-04-20,339
2004-04-21,328
2004-04-22,314
2004-04-23,278
2004-04-24,265
2004-04-25,272
2004-04-26,310
2004-04-27,336
2004-04-28,313
2004-04-29,370
2004-04-30,290
2004-05-01,247
2004-05-02,261
2004-05-03,354
2004-05-04,306
2004-05-05,321
2004-05-06,295
2004-05-07,280
2004-05-08,210
2004-05-09,237
2004-05-10,390
2004-05-11,321
2004-05-12,268
2004-05-13,296
2004-05-14,249
2004-05-15,260
2004-05-16,314
2004-05-17,400
2004-05-18,332
2004-05-19,311
2004-05-20,309
2004-05-21,257
2004-05-22,232
2004-05-23,260
2004-05-24,324
2004-05-25,342
2004-05-26,345
2004-05-27,303
2004-05-28,242
2004-05-29,277
2004-05-30,272
2004-05-31,281
2004-06-01,413
2004-06-02,322
2004-06-03,362
2004-06-04,361
2004-06-05,305
2004-06-06,314
2004-06-07,390
2004-06-08,358
2004-06-09,284
2004-06-10,345
2004-06-11,371
2004-06-12,297
2004-06-13,230
2004-06-14,365
2004-06-15,333
2004-06-16,392
2004-06-17,344
2004-06-18,276
2004-06-19,222
2004-06-20,278
2004-06-21,372
2004-06-22,446
2004-06-23,341
2004-06-24,338
2004-06-25,306
2004-06-26,362
2004-06-27,319
2004-06-28,378
2004-06-29,366
2004-06-30,419
2004-07-01,366
2004-07-02,313
2004-07-03,282
2004-07-04,251
2004-07-05,355
2004-07-06,373
2004-07-07,413
2004-07-08,313
2004-07-09,350
2004-07-10,286
2004-07-11,292
2004-07-12,424
2004-07-13,405
2004-07-14,393
2004-07-15,383
2004-07-16,361
2004-07-17,257
2004-07-18,286
2004-07-19,379
2004-07-20,337
2004-07-21,360
2004-07-22,302
2004-07-23,367
2004-07-24,295
2004-07-25,319
2004-07-26,426
2004-07-27,385
2004-07-28,481
2004-07-29,433
2004-07-30,395
2004-07-31,295
2004-08-01,360
2004-08-02,424
2004-08-03,470
2004-08-04,382
2004-08-05,377
2004-08-06,333
2004-08-07,323
2004-08-08,323
2004-08-09,408
2004-08-10,251
2004-08-11,203
2004-08-12,365
2004-08-13,409
2004-08-14,319
2004-08-15,347
2004-08-16,461
2004-08-17,400
2004-08-18,403
2004-08-19,387
2004-08-20,426
2004-08-21,354
2004-08-22,373
2004-08-23,416
2004-08-24,413
2004-08-25,390
2004-08-26,384
2004-08-27,341
2004-08-28,279
2004-08-29,307
2004-08-30,430
2004-08-31,440
2004-09-01,437
2004-09-02,427
2004-09-03,384
2004-09-04,283
2004-09-05,276
2004-09-06,340
2004-09-07,489
2004-09-08,384
2004-09-09,349
2004-09-10,361
2004-09-11,293
2004-09-12,346
2004-09-13,364
2004-09-14,462
2004-09-15,387
2004-09-16,368
2004-09-17,396
2004-09-18,285
2004-09-19,270
2004-09-20,358
2004-09-21,363
2004-09-22,384
2004-09-23,349
2004-09-24,348
2004-09-25,331
2004-09-26,345
2004-09-27,363
2004-09-28,394
2004-09-29,407
2004-09-30,338
2004-10-01,337
2004-10-02,276
2004-10-03,296
2004-10-04,388
2004-10-05,417
2004-10-06,375
2004-10-07,363
2004-10-08,385
2004-10-09,276
2004-10-10,363
2004-10-11,355
2004-10-12,429
2004-10-13,334
2004-10-14,328
2004-10-15,348
2004-10-16,311
2004-10-17,341
2004-10-18,393
2004-10-19,370
2004-10-20,406
2004-10-21,349
2004-10-22,349
2004-10-23,373
2004-10-24,385
2004-10-25,407
2004-10-26,369
2004-10-27,434
2004-10-28,381
2004-10-29,351
2004-10-30,353
2004-10-31,455
2004-11-01,339
2004-11-02,307
2004-11-03,371
2004-11-04,378
2004-11-05,383
2004-11-06,325
2004-11-07,334
2004-11-08,278
2004-11-09,413
2004-11-10,336
2004-11-11,376
2004-11-12,367
2004-11-13,303
2004-11-14,328
2004-11-15,436
2004-11-16,387
2004-11-17,389
2004-11-18,332
2004-11-19,307
2004-11-20,294
2004-11-21,328
2004-11-22,387
2004-11-23,414
2004-11-24,334
2004-11-25,239
2004-11-26,284
2004-11-27,311
2004-11-28,361
2004-11-29,456
2004-11-30,332
2004-12-01,408
2004-12-02,376
2004-12-03,284
2004-12-04,290
2004-12-05,346
2004-12-06,298
2004-12-07,400
2004-12-08,349
2004-12-09,357
2004-12-10,352
2004-12-11,332
2004-12-12,321
2004-12-13,344
2004-12-14,317
2004-12-15,317
2004-12-16,326
2004-12-17,303
2004-12-18,259
2004-12-19,295
2004-12-20,317
2004-12-21,334
2004-12-22,339
2004-12-23,317
2004-12-24,254
2004-12-25,233
2004-12-26,282
2004-12-27,386
2004-12-28,499
2004-12-29,459
2004-12-30,397
2004-12-31,364
2005-01-01,378
2005-01-02,474
2005-01-03,458
2005-01-04,473
2005-01-05,467
2005-01-06,405
2005-01-07,447
2005-01-08,357
2005-01-09,385
2005-01-10,401
2005-01-11,431
2005-01-12,445
2005-01-13,417
2005-01-14,462
2005-01-15,352
2005-01-16,408
2005-01-17,484
2005-01-18,411
2005-01-19,464
2005-01-20,384
2005-01-21,390
2005-01-22,383
2005-01-23,455
2005-01-24,456
2005-01-25,473
2005-01-26,345
2005-01-27,366
2005-01-28,390
2005-01-29,374
2005-01-30,387
2005-01-31,464
2005-02-01,406
2005-02-02,310
2005-02-03,369
2005-02-04,392
2005-02-05,417
2005-02-06,360
2005-02-07,461
2005-02-08,418
2005-02-09,382
2005-02-10,380
2005-02-11,362
2005-02-12,289
2005-02-13,298
2005-02-14,364
2005-02-15,406
2005-02-16,406
2005-02-17,363
2005-02-18,354
2005-02-19,300
2005-02-20,435
2005-02-21,498
2005-02-22,442
2005-02-23,465
2005-02-24,400
2005-02-25,376
2005-02-26,359
2005-02-27,425
2005-02-28,478
2005-03-01,490
2005-03-02,445
2005-03-03,381
2005-03-04,417
2005-03-05,409
2005-03-06,421
2005-03-07,457
2005-03-08,394
2005-03-09,430
2005-03-10,416
2005-03-11,382
2005-03-12,346
2005-03-13,363
2005-03-14,452
2005-03-15,489
2005-03-16,417
2005-03-17,427
2005-03-18,436
2005-03-19,312
2005-03-20,390
2005-03-21,475
2005-03-22,432
2005-03-23,390
2005-03-24,343
2005-03-25,377
2005-03-26,341
2005-03-27,327
2005-03-28,460
2005-03-29,504
2005-03-30,546
2005-03-31,467
2005-04-01,401
2005-04-02,386
2005-04-03,355
2005-04-04,461
2005-04-05,445
2005-04-06,465
2005-04-07,421
2005-04-08,356
2005-04-09,398
2005-04-10,401
2005-04-11,496
2005-04-12,425
2005-04-13,416
2005-04-14,420
2005-04-15,354
2005-04-16,320
2005-04-17,426
2005-04-18,485
2005-04-19,509
2005-04-20,394
2005-04-21,400
2005-04-22,426
2005-04-23,374
2005-04-24,442
2005-04-25,491
2005-04-26,452
2005-04-27,524
2005-04-28,420
2005-04-29,395
2005-04-30,359
2005-05-01,360
2005-05-02,535
2005-05-03,526
2005-05-04,461
2005-05-05,409
2005-05-06,391
2005-05-07,327
2005-05-08,363
2005-05-09,486
2005-05-10,420
2005-05-11,475
2005-05-12,432
2005-05-13,425
2005-05-14,372
2005-05-15,345
2005-05-16,480
2005-05-17,440
2005-05-18,385
2005-05-19,408
2005-05-20,397
2005-05-21,305
2005-05-22,321
2005-05-23,439
2005-05-24,371
2005-05-25,470
2005-05-26,406
2005-05-27,368
2005-05-28,298
2005-05-29,369
2005-05-30,429
2005-05-31,493
2005-06-01,462
2005-06-02,493
2005-06-03,429
2005-06-04,332
2005-06-05,404
2005-06-06,467
2005-06-07,451
2005-06-08,434
2005-06-09,466
2005-06-10,354
2005-06-11,368
2005-06-12,348
2005-06-13,493
2005-06-14,521
2005-06-15,390
2005-06-16,413
2005-06-17,407
2005-06-18,351
2005-06-19,397
2005-06-20,497
2005-06-21,428
2005-06-22,508
2005-06-23,413
2005-06-24,460
2005-06-25,347
2005-06-26,409
2005-06-27,448
2005-06-28,545
2005-06-29,488
2005-06-30,434
2005-07-01,442
2005-07-02,387
2005-07-03,384
2005-07-04,407
2005-07-05,578
2005-07-06,574
2005-07-07,525
2005-07-08,454
2005-07-09,422
2005-07-10,407
2005-07-11,583
2005-07-12,499
2005-07-13,458
2005-07-14,438
2005-07-15,452
2005-07-16,438
2005-07-17,474
2005-07-18,546
2005-07-19,619
2005-07-20,555
2005-07-21,504
2005-07-22,430
2005-07-23,412
2005-07-24,478
2005-07-25,499
2005-07-26,476
2005-07-27,564
2005-07-28,523
2005-07-29,457
2005-07-30,439
2005-07-31,433
2005-08-01,580
2005-08-02,655
2005-08-03,648
2005-08-04,517
2005-08-05,563
2005-08-06,421
2005-08-07,455
2005-08-08,559
2005-08-09,621
2005-08-10,558
2005-08-11,539
2005-08-12,500
2005-08-13,426
2005-08-14,478
2005-08-15,554
2005-08-16,581
2005-08-17,522
2005-08-18,531
2005-08-19,512
2005-08-20,431
2005-08-21,544
2005-08-22,617
2005-08-23,549
2005-08-24,523
2005-08-25,511
2005-08-26,538
2005-08-27,470
2005-08-28,436
2005-08-29,525
2005-08-30,572
2005-08-31,576
2005-09-01,505
2005-09-02,457
2005-09-03,399
2005-09-04,443
2005-09-05,518
2005-09-06,597
2005-09-07,566
2005-09-08,499
2005-09-09,473
2005-09-10,395
2005-09-11,435
2005-09-12,599
2005-09-13,502
2005-09-14,464
2005-09-15,503
2005-09-16,429
2005-09-17,440
2005-09-18,471
2005-09-19,491
2005-09-20,531
2005-09-21,496
2005-09-22,422
2005-09-23,523
2005-09-24,417
2005-09-25,451
2005-09-26,521
2005-09-27,513
2005-09-28,652
2005-09-29,585
2005-09-30,466
2005-10-01,392
2005-10-02,429
2005-10-03,509
2005-10-04,565
2005-10-05,492
2005-10-06,459
2005-10-07,506
2005-10-08,402
2005-10-09,437
2005-10-10,602
2005-10-11,527
2005-10-12,455
2005-10-13,480
2005-10-14,414
2005-10-15,400
2005-10-16,413
2005-10-17,551
2005-10-18,474
2005-10-19,498
2005-10-20,431
2005-10-21,502
2005-10-22,498
2005-10-23,465
2005-10-24,534
2005-10-25,611
2005-10-26,497
2005-10-27,492
2005-10-28,444
2005-10-29,389
2005-10-30,500
2005-10-31,392
2005-11-01,488
2005-11-02,514
2005-11-03,454
2005-11-04,388
2005-11-05,360
2005-11-06,400
2005-11-07,511
2005-11-08,502
2005-11-09,487
2005-11-10,428
2005-11-11,439
2005-11-12,401
2005-11-13,367
2005-11-14,465
2005-11-15,472
2005-11-16,477
2005-11-17,462
2005-11-18,412
2005-11-19,404
2005-11-20,422
2005-11-21,419
2005-11-22,521
2005-11-23,348
2005-11-24,290
2005-11-25,362
2005-11-26,413
2005-11-27,520
2005-11-28,593
2005-11-29,541
2005-11-30,556
2005-12-01,423
2005-12-02,447
2005-12-03,393
2005-12-04,448
2005-12-05,489
2005-12-06,531
2005-12-07,378
2005-12-08,433
2005-12-09,384
2005-12-10,386
2005-12-11,418
2005-12-12,452
2005-12-13,433
2005-12-14,454
2005-12-15,418
2005-12-16,462
2005-12-17,437
2005-12-18,420
2005-12-19,469
2005-12-20,503
2005-12-21,467
2005-12-22,388
2005-12-23,402
2005-12-24,321
2005-12-25,312
2005-12-26,427
2005-12-27,622
2005-12-28,564
2005-12-29,652
2005-12-30,581
2005-12-31,567
2006-01-01,459
2006-01-02,628
2006-01-03,711
2006-01-04,545
2006-01-05,557
2006-01-06,566
2006-01-07,525
2006-01-08,512
2006-01-09,583
2006-01-10,599
2006-01-11,542
2006-01-12,574
2006-01-13,478
2006-01-14,545
2006-01-15,577
2006-01-16,568
2006-01-17,519
2006-01-18,492
2006-01-19,453
2006-01-20,479
2006-01-21,497
2006-01-22,523
2006-01-23,545
2006-01-24,490
2006-01-25,524
2006-01-26,515
2006-01-27,467
2006-01-28,496
2006-01-29,575
2006-01-30,638
2006-01-31,608
2006-02-01,609
2006-02-02,500
2006-02-03,412
2006-02-04,516
2006-02-05,436
2006-02-06,554
2006-02-07,548
2006-02-08,576
2006-02-09,529
2006-02-10,548
2006-02-11,427
2006-02-12,521
2006-02-13,472
2006-02-14,400
2006-02-15,424
2006-02-16,590
2006-02-17,434
2006-02-18,558
2006-02-19,511
2006-02-20,614
2006-02-21,625
2006-02-22,616
2006-02-23,719
2006-02-24,778
2006-02-25,582
2006-02-26,544
2006-02-27,714
2006-02-28,581
2006-03-01,585
2006-03-02,649
2006-03-03,602
2006-03-04,498
2006-03-05,536
2006-03-06,568
2006-03-07,616
2006-03-08,715
2006-03-09,608
2006-03-10,650
2006-03-11,368
2006-03-12,633
2006-03-13,616
2006-03-14,625
2006-03-15,625
2006-03-16,594
2006-03-17,593
2006-03-18,503
2006-03-19,565
2006-03-20,645
2006-03-21,671
2006-03-22,551
2006-03-23,554
2006-03-24,505
2006-03-25,519
2006-03-26,473
2006-03-27,568
2006-03-28,532
2006-03-29,566
2006-03-30,498
2006-03-31,451
2006-04-01,393
2006-04-02,442
2006-04-03,499
2006-04-04,599
2006-04-05,486
2006-04-06,442
2006-04-07,405
2006-04-08,378
2006-04-09,450
2006-04-10,505
2006-04-11,497
2006-04-12,479
2006-04-13,462
2006-04-14,499
2006-04-15,373
2006-04-16,407
2006-04-17,517
2006-04-18,502
2006-04-19,464
2006-04-20,467
2006-04-21,540
2006-04-22,490
2006-04-23,494
2006-04-24,613
2006-04-25,523
2006-04-26,464
2006-04-27,557
2006-04-28,445
2006-04-29,455
2006-04-30,381
2006-05-01,487
2006-05-02,585
2006-05-03,524
2006-05-04,480
2006-05-05,439
2006-05-06,504
2006-05-07,492
2006-05-08,524
2006-05-09,479
2006-05-10,490
2006-05-11,464
2006-05-12,487
2006-05-13,379
2006-05-14,438
2006-05-15,490
2006-05-16,549
2006-05-17,500
2006-05-18,502
2006-05-19,456
2006-05-20,429
2006-05-21,477
2006-05-22,533
2006-05-23,494
2006-05-24,517
2006-05-25,480
2006-05-26,423
2006-05-27,415
2006-05-28,411
2006-05-29,522
2006-05-30,576
2006-05-31,596
2006-06-01,572
2006-06-02,505
2006-06-03,480
2006-06-04,459
2006-06-05,576
2006-06-06,577
2006-06-07,586
2006-06-08,549
2006-06-09,525
2006-06-10,392
2006-06-11,489
2006-06-12,583
2006-06-13,557
2006-06-14,579
2006-06-15,551
2006-06-16,541
2006-06-17,425
2006-06-18,424
2006-06-19,572
2006-06-20,574
2006-06-21,641
2006-06-22,531
2006-06-23,446
2006-06-24,464
2006-06-25,590
2006-06-26,717
2006-06-27,605
2006-06-28,636
2006-06-29,550
2006-06-30,578
2006-07-01,447
2006-07-02,599
2006-07-03,675
2006-07-04,564
2006-07-05,822
2006-07-06,609
2006-07-07,569
2006-07-08,558
2006-07-09,559
2006-07-10,729
2006-07-11,618
2006-07-12,635
2006-07-13,584
2006-07-14,594
2006-07-15,455
2006-07-16,531
2006-07-17,594
2006-07-18,570
2006-07-19,551
2006-07-20,499
2006-07-21,504
2006-07-22,466
2006-07-23,487
2006-07-24,604
2006-07-25,661
2006-07-26,650
2006-07-27,567
2006-07-28,525
2006-07-29,445
2006-07-30,507
2006-07-31,598
2006-08-01,612
2006-08-02,632
2006-08-03,524
2006-08-04,556
2006-08-05,509
2006-08-06,588
2006-08-07,695
2006-08-08,574
2006-08-09,597
2006-08-10,568
2006-08-11,549
2006-08-12,567
2006-08-13,628
2006-08-14,638
2006-08-15,538
2006-08-16,516
2006-08-17,486
2006-08-18,545
2006-08-19,495
2006-08-20,515
2006-08-21,553
2006-08-22,597
2006-08-23,606
2006-08-24,568
2006-08-25,521
2006-08-26,499
2006-08-27,532
2006-08-28,612
2006-08-29,584
2006-08-30,606
2006-08-31,568
2006-09-01,477
2006-09-02,440
2006-09-03,428
2006-09-04,447
2006-09-05,544
2006-09-06,544
2006-09-07,496
2006-09-08,506
2006-09-09,425
2006-09-10,461
2006-09-11,503
2006-09-12,522
2006-09-13,423
2006-09-14,457
2006-09-15,423
2006-09-16,416
2006-09-17,477
2006-09-18,494
2006-09-19,472
2006-09-20,470
2006-09-21,396
2006-09-22,470
2006-09-23,442
2006-09-24,465
2006-09-25,497
2006-09-26,463
2006-09-27,442
2006-09-28,451
2006-09-29,400
2006-09-30,389
2006-10-01,372
2006-10-02,401
2006-10-03,464
2006-10-04,511
2006-10-05,404
2006-10-06,388
2006-10-07,426
2006-10-08,430
2006-10-09,460
2006-10-10,432
2006-10-11,475
2006-10-12,506
2006-10-13,392
2006-10-14,491
2006-10-15,447
2006-10-16,510
2006-10-17,475
2006-10-18,440
2006-10-19,504
2006-10-20,485
2006-10-21,376
2006-10-22,409
2006-10-23,476
2006-10-24,503
2006-10-25,433
2006-10-26,467
2006-10-27,404
2006-10-28,397
2006-10-29,441
2006-10-30,472
2006-10-31,476
2006-11-01,407
2006-11-02,577
2006-11-03,1030
2006-11-04,696
2006-11-05,917
2006-11-06,754
2006-11-07,511
2006-11-08,464
2006-11-09,1381
2006-11-10,783
2006-11-11,446
2006-11-12,509
2006-11-13,526
2006-11-14,440
2006-11-15,466
2006-11-16,462
2006-11-17,437
2006-11-18,360
2006-11-19,384
2006-11-20,440
2006-11-21,455
2006-11-22,403
2006-11-23,276
2006-11-24,371
2006-11-25,386
2006-11-26,447
2006-11-27,484
2006-11-28,416
2006-11-29,507
2006-11-30,432
2006-12-01,439
2006-12-02,462
2006-12-03,424
2006-12-04,496
2006-12-05,460
2006-12-06,433
2006-12-07,395
2006-12-08,393
2006-12-09,465
2006-12-10,440
2006-12-11,583
2006-12-12,446
2006-12-13,582
2006-12-14,481
2006-12-15,392
2006-12-16,447
2006-12-17,431
2006-12-18,441
2006-12-19,532
2006-12-20,512
2006-12-21,430
2006-12-22,386
2006-12-23,449
2006-12-24,282
2006-12-25,350
2006-12-26,582
2006-12-27,613
2006-12-28,575
2006-12-29,556
2006-12-30,589
2006-12-31,530
2007-01-01,549
2007-01-02,718
2007-01-03,1690
2007-01-04,1168
2007-01-05,923
2007-01-06,768
2007-01-07,610
2007-01-08,609
2007-01-09,2499
2007-01-10,878
2007-01-11,1477
2007-01-12,733
2007-01-13,581
2007-01-14,570
2007-01-15,842
2007-01-16,677
2007-01-17,669
2007-01-18,846
2007-01-19,631
2007-01-20,557
2007-01-21,622
2007-01-22,589
2007-01-23,546
2007-01-24,567
2007-01-25,629
2007-01-26,530
2007-01-27,538
2007-01-28,565
2007-01-29,618
2007-01-30,579
2007-01-31,535
2007-02-01,528
2007-02-02,617
2007-02-03,611
2007-02-04,536
2007-02-05,571
2007-02-06,776
2007-02-07,692
2007-02-08,641
2007-02-09,645
2007-02-10,613
2007-02-11,666
2007-02-12,736
2007-02-13,618
2007-02-14,627
2007-02-15,616
2007-02-16,596
2007-02-17,508
2007-02-18,594
2007-02-19,704
2007-02-20,697
2007-02-21,629
2007-02-22,576
2007-02-23,513
2007-02-24,484
2007-02-25,486
2007-02-26,561
2007-02-27,556
2007-02-28,511
2007-03-01,502
2007-03-02,472
2007-03-03,473
2007-03-04,556
2007-03-05,585
2007-03-06,561
2007-03-07,591
2007-03-08,1572
2007-03-09,702
2007-03-10,653
2007-03-11,660
2007-03-12,756
2007-03-13,585
2007-03-14,574
2007-03-15,620
2007-03-16,658
2007-03-17,617
2007-03-18,652
2007-03-19,702
2007-03-20,718
2007-03-21,606
2007-03-22,617
2007-03-23,591
2007-03-24,585
2007-03-25,695
2007-03-26,639
2007-03-27,579
2007-03-28,588
2007-03-29,679
2007-03-30,615
2007-03-31,614
2007-04-01,612
2007-04-02,627
2007-04-03,645
2007-04-04,638
2007-04-05,770
2007-04-06,609
2007-04-07,559
2007-04-08,457
2007-04-09,765
2007-04-10,1171
2007-04-11,704
2007-04-12,562
2007-04-13,464
2007-04-14,455
2007-04-15,505
2007-04-16,504
2007-04-17,536
2007-04-18,554
2007-04-19,465
2007-04-20,428
2007-04-21,423
2007-04-22,481
2007-04-23,526
2007-04-24,522
2007-04-25,498
2007-04-26,465
2007-04-27,497
2007-04-28,465
2007-04-29,449
2007-04-30,547
2007-05-01,523
2007-05-02,539
2007-05-03,479
2007-05-04,427
2007-05-05,496
2007-05-06,1075
2007-05-07,880
2007-05-08,636
2007-05-09,838
2007-05-10,580
2007-05-11,550
2007-05-12,1575
2007-05-13,932
2007-05-14,1045
2007-05-15,679
2007-05-16,687
2007-05-17,650
2007-05-18,586
2007-05-19,522
2007-05-20,536
2007-05-21,692
2007-05-22,555
2007-05-23,589
2007-05-24,581
2007-05-25,568
2007-05-26,525
2007-05-27,534
2007-05-28,618
2007-05-29,779
2007-05-30,660
2007-05-31,617
2007-06-01,678
2007-06-02,477
2007-06-03,568
2007-06-04,603
2007-06-05,804
2007-06-06,670
2007-06-07,816
2007-06-08,730
2007-06-09,653
2007-06-10,747
2007-06-11,712
2007-06-12,857
2007-06-13,703
2007-06-14,664
2007-06-15,592
2007-06-16,490
2007-06-17,526
2007-06-18,640
2007-06-19,572
2007-06-20,563
2007-06-21,520
2007-06-22,559
2007-06-23,483
2007-06-24,475
2007-06-25,599
2007-06-26,978
2007-06-27,780
2007-06-28,582
2007-06-29,587
2007-06-30,495
2007-07-01,544
2007-07-02,701
2007-07-03,800
2007-07-04,608
2007-07-05,619
2007-07-06,661
2007-07-07,673
2007-07-08,675
2007-07-09,760
2007-07-10,629
2007-07-11,613
2007-07-12,704
2007-07-13,611
2007-07-14,567
2007-07-15,591
2007-07-16,711
2007-07-17,688
2007-07-18,637
2007-07-19,621
2007-07-20,660
2007-07-21,659
2007-07-22,760
2007-07-23,741
2007-07-24,702
2007-07-25,656
2007-07-26,736
2007-07-27,608
2007-07-28,684
2007-07-29,592
2007-07-30,681
2007-07-31,648
2007-08-01,640
2007-08-02,595
2007-08-03,693
2007-08-04,608
2007-08-05,666
2007-08-06,936
2007-08-07,871
2007-08-08,785
2007-08-09,731
2007-08-10,593
2007-08-11,757
2007-08-12,733
2007-08-13,728
2007-08-14,717
2007-08-15,574
2007-08-16,624
2007-08-17,564
2007-08-18,509
2007-08-19,550
2007-08-20,698
2007-08-21,620
2007-08-22,708
2007-08-23,1003
2007-08-24,594
2007-08-25,536
2007-08-26,705
2007-08-27,651
2007-08-28,695
2007-08-29,717
2007-08-30,661
2007-08-31,676
2007-09-01,542
2007-09-02,1382
2007-09-03,1274
2007-09-04,744
2007-09-05,605
2007-09-06,695
2007-09-07,587
2007-09-08,578
2007-09-09,687
2007-09-10,692
2007-09-11,739
2007-09-12,560
2007-09-13,621
2007-09-14,612
2007-09-15,579
2007-09-16,596
2007-09-17,695
2007-09-18,731
2007-09-19,627
2007-09-20,598
2007-09-21,602
2007-09-22,559
2007-09-23,645
2007-09-24,702
2007-09-25,593
2007-09-26,683
2007-09-27,653
2007-09-28,630
2007-09-29,525
2007-09-30,694
2007-10-01,709
2007-10-02,644
2007-10-03,617
2007-10-04,642
2007-10-05,663
2007-10-06,634
2007-10-07,624
2007-10-08,661
2007-10-09,646
2007-10-10,719
2007-10-11,510
2007-10-12,457
2007-10-13,514
2007-10-14,510
2007-10-15,622
2007-10-16,596
2007-10-17,849
2007-10-18,701
2007-10-19,599
2007-10-20,584
2007-10-21,585
2007-10-22,668
2007-10-23,656
2007-10-24,649
2007-10-25,581
2007-10-26,536
2007-10-27,600
2007-10-28,618
2007-10-29,665
2007-10-30,792
2007-10-31,650
2007-11-01,624
2007-11-02,561
2007-11-03,667
2007-11-04,744
2007-11-05,652
2007-11-06,620
2007-11-07,636
2007-11-08,678
2007-11-09,568
2007-11-10,581
2007-11-11,681
2007-11-12,607
2007-11-13,617
2007-11-14,654
2007-11-15,636
2007-11-16,538
2007-11-17,528
2007-11-18,559
2007-11-19,633
2007-11-20,587
2007-11-21,634
2007-11-22,502
2007-11-23,521
2007-11-24,711
2007-11-25,760
2007-11-26,699
2007-11-27,636
2007-11-28,712
2007-11-29,734
2007-11-30,646
2007-12-01,589
2007-12-02,666
2007-12-03,650
2007-12-04,640
2007-12-05,560
2007-12-06,618
2007-12-07,605
2007-12-08,548
2007-12-09,604
2007-12-10,552
2007-12-11,782
2007-12-12,594
2007-12-13,605
2007-12-14,563
2007-12-15,493
2007-12-16,563
2007-12-17,717
2007-12-18,625
2007-12-19,547
2007-12-20,614
2007-12-21,515
2007-12-22,519
2007-12-23,548
2007-12-24,399
2007-12-25,457
2007-12-26,725
2007-12-27,682
2007-12-28,785
2007-12-29,797
2007-12-30,834
2007-12-31,807
2008-01-01,767
2008-01-02,833
2008-01-03,741
2008-01-04,693
2008-01-05,672
2008-01-06,962
2008-01-07,1028
2008-01-08,744
2008-01-09,742
2008-01-10,682
2008-01-11,654
2008-01-12,749
2008-01-13,813
2008-01-14,812
2008-01-15,590
2008-01-16,620
2008-01-17,773
2008-01-18,823
2008-01-19,767
2008-01-20,725
2008-01-21,630
2008-01-22,710
2008-01-23,731
2008-01-24,624
2008-01-25,707
2008-01-26,600
2008-01-27,799
2008-01-28,836
2008-01-29,747
2008-01-30,579
2008-01-31,576
2008-02-01,632
2008-02-02,582
2008-02-03,512
2008-02-04,438
2008-02-05,807
2008-02-06,683
2008-02-07,622
2008-02-08,1315
2008-02-09,774
2008-02-10,806
2008-02-11,679
2008-02-12,680
2008-02-13,898
2008-02-14,551
2008-02-15,737
2008-02-16,622
2008-02-17,675
2008-02-18,858
2008-02-19,688
2008-02-20,614
2008-02-21,630
2008-02-22,828
2008-02-23,728
2008-02-24,700
2008-02-25,673
2008-02-26,807
2008-02-27,661
2008-02-28,650
2008-02-29,716
2008-03-01,637
2008-03-02,724
2008-03-03,778
2008-03-04,767
2008-03-05,599
2008-03-06,730
2008-03-07,619
2008-03-08,605
2008-03-09,624
2008-03-10,803
2008-03-11,715
2008-03-12,599
2008-03-13,563
2008-03-14,414
2008-03-15,458
2008-03-16,617
2008-03-17,605
2008-03-18,639
2008-03-19,604
2008-03-20,711
2008-03-21,688
2008-03-22,624
2008-03-23,671
2008-03-24,736
2008-03-25,843
2008-03-26,783
2008-03-27,747
2008-03-28,799
2008-03-29,654
2008-03-30,622
2008-03-31,764
2008-04-01,780
2008-04-02,793
2008-04-03,706
2008-04-04,599
2008-04-05,903
2008-04-06,803
2008-04-07,830
2008-04-08,704
2008-04-09,701
2008-04-10,667
2008-04-11,556
2008-04-12,710
2008-04-13,664
2008-04-14,708
2008-04-15,663
2008-04-16,548
2008-04-17,663
2008-04-18,606
2008-04-19,538
2008-04-20,804
2008-04-21,778
2008-04-22,686
2008-04-23,674
2008-04-24,674
2008-04-25,613
2008-04-26,659
2008-04-27,795
2008-04-28,843
2008-04-29,750
2008-04-30,684
2008-05-01,598
2008-05-02,751
2008-05-03,708
2008-05-04,693
2008-05-05,817
2008-05-06,796
2008-05-07,651
2008-05-08,780
2008-05-09,867
2008-05-10,521
2008-05-11,645
2008-05-12,716
2008-05-13,655
2008-05-14,753
2008-05-15,745
2008-05-16,649
2008-05-17,602
2008-05-18,633
2008-05-19,743
2008-05-20,678
2008-05-21,747
2008-05-22,805
2008-05-23,623
2008-05-24,621
2008-05-25,661
2008-05-26,734
2008-05-27,983
2008-05-28,696
2008-05-29,775
2008-05-30,704
2008-05-31,746
2008-06-01,772
2008-06-02,953
2008-06-03,804
2008-06-04,876
2008-06-05,772
2008-06-06,483
2008-06-07,681
2008-06-08,781
2008-06-09,867
2008-06-10,725
2008-06-11,713
2008-06-12,686
2008-06-13,817
2008-06-14,639
2008-06-15,750
2008-06-16,783
2008-06-17,753
2008-06-18,841
2008-06-19,739
2008-06-20,697
2008-06-21,706
2008-06-22,743
2008-06-23,868
2008-06-24,812
2008-06-25,729
2008-06-26,742
2008-06-27,706
2008-06-28,652
2008-06-29,735
2008-06-30,908
2008-07-01,875
2008-07-02,823
2008-07-03,801
2008-07-04,738
2008-07-05,680
2008-07-06,726
2008-07-07,860
2008-07-08,840
2008-07-09,789
2008-07-10,768
2008-07-11,691
2008-07-12,748
2008-07-13,792
2008-07-14,854
2008-07-15,762
2008-07-16,754
2008-07-17,851
2008-07-18,705
2008-07-19,673
2008-07-20,706
2008-07-21,779
2008-07-22,785
2008-07-23,785
2008-07-24,821
2008-07-25,794
2008-07-26,682
2008-07-27,795
2008-07-28,853
2008-07-29,772
2008-07-30,770
2008-07-31,807
2008-08-01,797
2008-08-02,824
2008-08-03,1023
2008-08-04,1049
2008-08-05,898
2008-08-06,837
2008-08-07,958
2008-08-08,812
2008-08-09,686
2008-08-10,741
2008-08-11,915
2008-08-12,698
2008-08-13,933
2008-08-14,738
2008-08-15,818
2008-08-16,619
2008-08-17,887
2008-08-18,810
2008-08-19,786
2008-08-20,747
2008-08-21,742
2008-08-22,724
2008-08-23,661
2008-08-24,683
2008-08-25,857
2008-08-26,790
2008-08-27,777
2008-08-28,856
2008-08-29,787
2008-08-30,656
2008-08-31,812
2008-09-01,828
2008-09-02,828
2008-09-03,846
2008-09-04,687
2008-09-05,802
2008-09-06,821
2008-09-07,899
2008-09-08,916
2008-09-09,788
2008-09-10,743
2008-09-11,697
2008-09-12,621
2008-09-13,691
2008-09-14,691
2008-09-15,829
2008-09-16,841
2008-09-17,698
2008-09-18,1038
2008-09-19,747
2008-09-20,680
2008-09-21,877
2008-09-22,758
2008-09-23,838
2008-09-24,709
2008-09-25,833
2008-09-26,616
2008-09-27,610
2008-09-28,666
2008-09-29,825
2008-09-30,978
2008-10-01,670
2008-10-02,701
2008-10-03,751
2008-10-04,628
2008-10-05,802
2008-10-06,874
2008-10-07,752
2008-10-08,799
2008-10-09,824
2008-10-10,683
2008-10-11,697
2008-10-12,790
2008-10-13,842
2008-10-14,867
2008-10-15,798
2008-10-16,961
2008-10-17,686
2008-10-18,612
2008-10-19,701
2008-10-20,835
2008-10-21,775
2008-10-22,736
2008-10-23,950
2008-10-24,1035
2008-10-25,683
2008-10-26,650
2008-10-27,695
2008-10-28,742
2008-10-29,756
2008-10-30,862
2008-10-31,704
2008-11-01,691
2008-11-02,947
2008-11-03,781
2008-11-04,781
2008-11-05,601
2008-11-06,608
2008-11-07,597
2008-11-08,621
2008-11-09,732
2008-11-10,784
2008-11-11,980
2008-11-12,699
2008-11-13,924
2008-11-14,631
2008-11-15,630
2008-11-16,956
2008-11-17,947
2008-11-18,833
2008-11-19,926
2008-11-20,944
2008-11-21,667
2008-11-22,733
2008-11-23,1034
2008-11-24,887
2008-11-25,896
2008-11-26,967
2008-11-27,600
2008-11-28,649
2008-11-29,825
2008-11-30,904
2008-12-01,921
2008-12-02,938
2008-12-03,825
2008-12-04,740
2008-12-05,701
2008-12-06,859
2008-12-07,760
2008-12-08,757
2008-12-09,753
2008-12-10,768
2008-12-11,644
2008-12-12,830
2008-12-13,633
2008-12-14,794
2008-12-15,803
2008-12-16,1077
2008-12-17,808
2008-12-18,868
2008-12-19,641
2008-12-20,770
2008-12-21,794
2008-12-22,940
2008-12-23,762
2008-12-24,600
2008-12-25,479
2008-12-26,745
2008-12-27,857
2008-12-28,875
2008-12-29,892
2008-12-30,981
2008-12-31,785
2009-01-01,834
2009-01-02,880
2009-01-03,807
2009-01-04,896
2009-01-05,952
2009-01-06,1131
2009-01-07,1152
2009-01-08,1026
2009-01-09,952
2009-01-10,835
2009-01-11,1262
2009-01-12,1038
2009-01-13,1131
2009-01-14,945
2009-01-15,944
2009-01-16,768
2009-01-17,735
2009-01-18,998
2009-01-19,1136
2009-01-20,838
2009-01-21,935
2009-01-22,1002
2009-01-23,715
2009-01-24,844
2009-01-25,873
2009-01-26,932
2009-01-27,938
2009-01-28,985
2009-01-29,838
2009-01-30,882
2009-01-31,795
2009-02-01,816
2009-02-02,921
2009-02-03,946
2009-02-04,796
2009-02-05,950
2009-02-06,926
2009-02-07,784
2009-02-08,973
2009-02-09,1021
2009-02-10,922
2009-02-11,773
2009-02-12,814
2009-02-13,776
2009-02-14,826
2009-02-15,830
2009-02-16,1013
2009-02-17,888
2009-02-18,968
2009-02-19,941
2009-02-20,834
2009-02-21,855
2009-02-22,793
2009-02-23,774
2009-02-24,1000
2009-02-25,884
2009-02-26,1037
2009-02-27,886
2009-02-28,817
2009-03-01,868
2009-03-02,983
2009-03-03,941
2009-03-04,941
2009-03-05,818
2009-03-06,708
2009-03-07,890
2009-03-08,894
2009-03-09,834
2009-03-10,777
2009-03-11,850
2009-03-12,821
2009-03-13,823
2009-03-14,766
2009-03-15,835
2009-03-16,914
2009-03-17,825
2009-03-18,864
2009-03-19,1107
2009-03-20,862
2009-03-21,824
2009-03-22,756
2009-03-23,901
2009-03-24,864
2009-03-25,844
2009-03-26,995
2009-03-27,870
2009-03-28,863
2009-03-29,892
2009-03-30,1056
2009-03-31,992
2009-04-01,822
2009-04-02,890
2009-04-03,813
2009-04-04,872
2009-04-05,828
2009-04-06,947
2009-04-07,934
2009-04-08,892
2009-04-09,808
2009-04-10,851
2009-04-11,849
2009-04-12,835
2009-04-13,943
2009-04-14,946
2009-04-15,853
2009-04-16,1105
2009-04-17,852
2009-04-18,768
2009-04-19,881
2009-04-20,1002
2009-04-21,895
2009-04-22,790
2009-04-23,1014
2009-04-24,875
2009-04-25,802
2009-04-26,893
2009-04-27,1046
2009-04-28,846
2009-04-29,903
2009-04-30,982
2009-05-01,951
2009-05-02,826
2009-05-03,927
2009-05-04,988
2009-05-05,923
2009-05-06,856
2009-05-07,933
2009-05-08,959
2009-05-09,793
2009-05-10,817
2009-05-11,1110
2009-05-12,975
2009-05-13,953
2009-05-14,949
2009-05-15,855
2009-05-16,770
2009-05-17,1109
2009-05-18,1048
2009-05-19,896
2009-05-20,1028
2009-05-21,1323
2009-05-22,951
2009-05-23,852
2009-05-24,826
2009-05-25,984
2009-05-26,1094
2009-05-27,1039
2009-05-28,1211
2009-05-29,985
2009-05-30,826
2009-05-31,833
2009-06-01,1013
2009-06-02,930
2009-06-03,1056
2009-06-04,1069
2009-06-05,863
2009-06-06,824
2009-06-07,981
2009-06-08,1050
2009-06-09,1049
2009-06-10,975
2009-06-11,1069
2009-06-12,932
2009-06-13,821
2009-06-14,913
2009-06-15,1042
2009-06-16,1095
2009-06-17,1000
2009-06-18,1172
2009-06-19,786
2009-06-20,827
2009-06-21,862
2009-06-22,996
2009-06-23,988
2009-06-24,968
2009-06-25,1123
2009-06-26,1021
2009-06-27,905
2009-06-28,898
2009-06-29,1168
2009-06-30,1027
2009-07-01,1053
2009-07-02,926
2009-07-03,803
2009-07-04,962
2009-07-05,1015
2009-07-06,1169
2009-07-07,1094
2009-07-08,1032
2009-07-09,1030
2009-07-10,936
2009-07-11,928
2009-07-12,930
2009-07-13,1018
2009-07-14,1016
2009-07-15,975
2009-07-16,1151
2009-07-17,813
2009-07-18,887
2009-07-19,820
2009-07-20,991
2009-07-21,846
2009-07-22,978
2009-07-23,1046
2009-07-24,844
2009-07-25,854
2009-07-26,845
2009-07-27,950
2009-07-28,947
2009-07-29,862
2009-07-30,929
2009-07-31,851
2009-08-01,998
2009-08-02,930
2009-08-03,990
2009-08-04,927
2009-08-05,984
2009-08-06,926
2009-08-07,814
2009-08-08,954
2009-08-09,936
2009-08-10,1056
2009-08-11,922
2009-08-12,1145
2009-08-13,932
2009-08-14,1004
2009-08-15,774
2009-08-16,916
2009-08-17,1017
2009-08-18,1028
2009-08-19,955
2009-08-20,1249
2009-08-21,819
2009-08-22,850
2009-08-23,890
2009-08-24,898
2009-08-25,974
2009-08-26,997
2009-08-27,1274
2009-08-28,880
2009-08-29,961
2009-08-30,899
2009-08-31,1083
2009-09-01,1017
2009-09-02,873
2009-09-03,1026
2009-09-04,932
2009-09-05,946
2009-09-06,1027
2009-09-07,1112
2009-09-08,1426
2009-09-09,925
2009-09-10,962
2009-09-11,1064
2009-09-12,1649
2009-09-13,1029
2009-09-14,1248
2009-09-15,981
2009-09-16,1007
2009-09-17,1327
2009-09-18,950
2009-09-19,928
2009-09-20,883
2009-09-21,903
2009-09-22,1091
2009-09-23,1005
2009-09-24,1285
2009-09-25,952
2009-09-26,849
2009-09-27,900
2009-09-28,1046
2009-09-29,1046
2009-09-30,1005
2009-10-01,880
2009-10-02,815
2009-10-03,930
2009-10-04,955
2009-10-05,1245
2009-10-06,1062
2009-10-07,1090
2009-10-08,1068
2009-10-09,869
2009-10-10,860
2009-10-11,1010
2009-10-12,1158
2009-10-13,1059
2009-10-14,1160
2009-10-15,1396
2009-10-16,936
2009-10-17,864
2009-10-18,1065
2009-10-19,1097
2009-10-20,1019
2009-10-21,1076
2009-10-22,1131
2009-10-23,980
2009-10-24,924
2009-10-25,927
2009-10-26,1204
2009-10-27,1134
2009-10-28,1026
2009-10-29,871
2009-10-30,934
2009-10-31,784
2009-11-01,1106
2009-11-02,1131
2009-11-03,967
2009-11-04,1019
2009-11-05,1023
2009-11-06,828
2009-11-07,890
2009-11-08,991
2009-11-09,1105
2009-11-10,924
2009-11-11,983
2009-11-12,1040
2009-11-13,931
2009-11-14,897
2009-11-15,1022
2009-11-16,1104
2009-11-17,1026
2009-11-18,1010
2009-11-19,1254
2009-11-20,797
2009-11-21,860
2009-11-22,869
2009-11-23,1083
2009-11-24,1315
2009-11-25,717
2009-11-26,589
2009-11-27,922
2009-11-28,917
2009-11-29,1089
2009-11-30,1268
2009-12-01,946
2009-12-02,978
2009-12-03,993
2009-12-04,837
2009-12-05,948
2009-12-06,901
2009-12-07,968
2009-12-08,1116
2009-12-09,1020
2009-12-10,945
2009-12-11,924
2009-12-12,986
2009-12-13,925
2009-12-14,982
2009-12-15,1131
2009-12-16,1075
2009-12-17,1286
2009-12-18,786
2009-12-19,801
2009-12-20,806
2009-12-21,920
2009-12-22,1062
2009-12-23,967
2009-12-24,676
2009-12-25,632
2009-12-26,897
2009-12-27,905
2009-12-28,1474
2009-12-29,1145
2009-12-30,1213
2009-12-31,1007
2010-01-01,1021
2010-01-02,1032
2010-01-03,1090
2010-01-04,1089
2010-01-05,1045
2010-01-06,965
2010-01-07,1402
2010-01-08,1077
2010-01-09,1272
2010-01-10,1114
2010-01-11,1083
2010-01-12,1092
2010-01-13,916
2010-01-14,931
2010-01-15,860
2010-01-16,973
2010-01-17,1116
2010-01-18,1061
2010-01-19,1052
2010-01-20,1046
2010-01-21,1405
2010-01-22,975
2010-01-23,1027
2010-01-24,1056
2010-01-25,990
2010-01-26,1043
2010-01-27,1213
2010-01-28,1046
2010-01-29,900
2010-01-30,1677
2010-01-31,1204
2010-02-01,1460
2010-02-02,1176
2010-02-03,1264
2010-02-04,1007
2010-02-05,1249
2010-02-06,1468
2010-02-07,1152
2010-02-08,1226
2010-02-09,1020
2010-02-10,1327
2010-02-11,1212
2010-02-12,1035
2010-02-13,883
2010-02-14,1181
2010-02-15,1305
2010-02-16,1134
2010-02-17,1174
2010-02-18,1308
2010-02-19,884
2010-02-20,918
2010-02-21,1163
2010-02-22,1115
2010-02-23,1056
2010-02-24,1063
2010-02-25,1229
2010-02-26,1047
2010-02-27,1028
2010-02-28,1074
2010-03-01,1060
2010-03-02,1144
2010-03-03,1357
2010-03-04,1132
2010-03-05,989
2010-03-06,913
2010-03-07,1171
2010-03-08,1302
2010-03-09,1131
2010-03-10,1137
2010-03-11,1123
2010-03-12,1098
2010-03-13,1166
2010-03-14,1028
2010-03-15,1170
2010-03-16,1227
2010-03-17,1113
2010-03-18,1351
2010-03-19,966
2010-03-20,967
2010-03-21,1028
2010-03-22,1082
2010-03-23,1111
2010-03-24,1107
2010-03-25,1199
2010-03-26,1091
2010-03-27,939
2010-03-28,996
2010-03-29,1152
2010-03-30,1112
2010-03-31,1106
2010-04-01,1066
2010-04-02,958
2010-04-03,965
2010-04-04,831
2010-04-05,1144
2010-04-06,1207
2010-04-07,1091
2010-04-08,1051
2010-04-09,1046
2010-04-10,919
2010-04-11,965
2010-04-12,1117
2010-04-13,1126
2010-04-14,1284
2010-04-15,1397
2010-04-16,1005
2010-04-17,993
2010-04-18,975
2010-04-19,1087
2010-04-20,1029
2010-04-21,1092
2010-04-22,1431
2010-04-23,1060
2010-04-24,944
2010-04-25,970
2010-04-26,1189
2010-04-27,1207
2010-04-28,1101
2010-04-29,1104
2010-04-30,982
2010-05-01,993
2010-05-02,1164
2010-05-03,1277
2010-05-04,1129
2010-05-05,1062
2010-05-06,1070
2010-05-07,1108
2010-05-08,895
2010-05-09,1065
2010-05-10,1154
2010-05-11,1038
2010-05-12,1106
2010-05-13,1126
2010-05-14,997
2010-05-15,955
2010-05-16,1077
2010-05-17,1345
2010-05-18,1325
2010-05-19,1187
2010-05-20,1554
2010-05-21,1073
2010-05-22,965
2010-05-23,1042
2010-05-24,1157
2010-05-25,1203
2010-05-26,1079
2010-05-27,1227
2010-05-28,937
2010-05-29,987
2010-05-30,946
2010-05-31,1252
2010-06-01,1380
2010-06-02,1162
2010-06-03,1083
2010-06-04,1143
2010-06-05,1061
2010-06-06,1093
2010-06-07,1196
2010-06-08,1241
2010-06-09,1192
2010-06-10,1118
2010-06-11,961
2010-06-12,1088
2010-06-13,1032
2010-06-14,1303
2010-06-15,1252
2010-06-16,1106
2010-06-17,1231
2010-06-18,903
2010-06-19,721
2010-06-20,879
2010-06-21,1221
2010-06-22,1101
2010-06-23,1048
2010-06-24,1348
2010-06-25,1049
2010-06-26,1003
2010-06-27,1004
2010-06-28,1192
2010-06-29,896
2010-06-30,1059
2010-07-01,1152
2010-07-02,989
2010-07-03,936
2010-07-04,938
2010-07-05,1250
2010-07-06,1386
2010-07-07,1158
2010-07-08,1106
2010-07-09,1064
2010-07-10,1134
2010-07-11,1267
2010-07-12,1338
2010-07-13,1230
2010-07-14,1280
2010-07-15,1295
2010-07-16,1197
2010-07-17,952
2010-07-18,1079
2010-07-19,1280
2010-07-20,1249
2010-07-21,1199
2010-07-22,1263
2010-07-23,1072
2010-07-24,941
2010-07-25,1043
2010-07-26,1215
2010-07-27,1206
2010-07-28,1231
2010-07-29,1013
2010-07-30,1011
2010-07-31,907
2010-08-01,1041
2010-08-02,1336
2010-08-03,1300
2010-08-04,1119
2010-08-05,1215
2010-08-06,1027
2010-08-07,1021
2010-08-08,1101
2010-08-09,1442
2010-08-10,1082
2010-08-11,1095
2010-08-12,1011
2010-08-13,1037
2010-08-14,1019
2010-08-15,1017
2010-08-16,1197
2010-08-17,1084
2010-08-18,1184
2010-08-19,1266
2010-08-20,1001
2010-08-21,1013
2010-08-22,1058
2010-08-23,1173
2010-08-24,1160
2010-08-25,1149
2010-08-26,1142
2010-08-27,1061
2010-08-28,959
2010-08-29,1007
2010-08-30,1190
2010-08-31,1176
2010-09-01,1105
2010-09-02,1086
2010-09-03,1097
2010-09-04,1023
2010-09-05,1088
2010-09-06,1267
2010-09-07,1546
2010-09-08,1069
2010-09-09,1057
2010-09-10,1359
2010-09-11,1175
2010-09-12,1324
2010-09-13,1116
2010-09-14,1085
2010-09-15,1105
2010-09-16,1155
2010-09-17,1304
2010-09-18,1080
2010-09-19,1081
2010-09-20,1244
2010-09-21,1130
2010-09-22,1228
2010-09-23,1297
2010-09-24,951
2010-09-25,1104
2010-09-26,1128
2010-09-27,1368
2010-09-28,1252
2010-09-29,1198
2010-09-30,1129
2010-10-01,1053
2010-10-02,973
2010-10-03,1088
2010-10-04,1327
2010-10-05,1241
2010-10-06,1141
2010-10-07,1126
2010-10-08,988
2010-10-09,1033
2010-10-10,1057
2010-10-11,1269
2010-10-12,1198
2010-10-13,1126
2010-10-14,1197
2010-10-15,1118
2010-10-16,1075
2010-10-17,1094
2010-10-18,1190
2010-10-19,1229
2010-10-20,1199
2010-10-21,1402
2010-10-22,1156
2010-10-23,1041
2010-10-24,1093
2010-10-25,1164
2010-10-26,1328
2010-10-27,1190
2010-10-28,1195
2010-10-29,1217
2010-10-30,1059
2010-10-31,1024
2010-11-01,1372
2010-11-02,1376
2010-11-03,1145
2010-11-04,1179
2010-11-05,1110
2010-11-06,1016
2010-11-07,1396
2010-11-08,1339
2010-11-09,1257
2010-11-10,1137
2010-11-11,1243
2010-11-12,1021
2010-11-13,1082
2010-11-14,1208
2010-11-15,1230
2010-11-16,1185
2010-11-17,1154
2010-11-18,1338
2010-11-19,1028
2010-11-20,1026
2010-11-21,1127
2010-11-22,1114
2010-11-23,1278
2010-11-24,1047
2010-11-25,721
2010-11-26,978
2010-11-27,1116
2010-11-28,1272
2010-11-29,1399
2010-11-30,1347
2010-12-01,1263
2010-12-02,1256
2010-12-03,1195
2010-12-04,1109
2010-12-05,1170
2010-12-06,1121
2010-12-07,1257
2010-12-08,1131
2010-12-09,1164
2010-12-10,1037
2010-12-11,1021
2010-12-12,1199
2010-12-13,1217
2010-12-14,1226
2010-12-15,1285
2010-12-16,1330
2010-12-17,1100
2010-12-18,996
2010-12-19,1073
2010-12-20,1065
2010-12-21,1242
2010-12-22,1278
2010-12-23,1050
2010-12-24,799
2010-12-25,776
2010-12-26,1179
2010-12-27,1440
2010-12-28,1540
2010-12-29,1511
2010-12-30,1498
2010-12-31,1310
2011-01-01,1536
2011-01-02,1521
2011-01-03,1416
2011-01-04,1446
2011-01-05,1637
2011-01-06,1632
2011-01-07,1393
2011-01-08,1520
2011-01-09,1514
2011-01-10,1489
2011-01-11,1569
2011-01-12,1496
2011-01-13,1413
2011-01-14,1225
2011-01-15,1313
2011-01-16,1472
2011-01-17,1669
2011-01-18,1512
2011-01-19,1373
2011-01-20,1728
2011-01-21,1378
2011-01-22,1371
2011-01-23,1449
2011-01-24,1445
2011-01-25,1330
2011-01-26,1487
2011-01-27,1505
2011-01-28,1396
2011-01-29,1428
2011-01-30,1400
2011-01-31,1441
2011-02-01,1528
2011-02-02,1467
2011-02-03,1496
2011-02-04,1336
2011-02-05,1402
2011-02-06,1318
2011-02-07,1408
2011-02-08,1468
2011-02-09,1408
2011-02-10,1371
2011-02-11,1235
2011-02-12,1240
2011-02-13,1465
2011-02-14,1477
2011-02-15,1484
2011-02-16,1495
2011-02-17,1512
2011-02-18,1247
2011-02-19,1308
2011-02-20,1363
2011-02-21,1551
2011-02-22,1502
2011-02-23,1471
2011-02-24,1485
2011-02-25,1349
2011-02-26,1312
2011-02-27,1336
2011-02-28,1411
2011-03-01,1472
2011-03-02,1351
2011-03-03,1410
2011-03-04,1312
2011-03-05,1447
2011-03-06,1489
2011-03-07,1588
2011-03-08,1517
2011-03-09,1377
2011-03-10,1405
2011-03-11,1191
2011-03-12,1193
2011-03-13,1176
2011-03-14,1399
2011-03-15,1427
2011-03-16,1438
2011-03-17,1462
2011-03-18,1262
2011-03-19,1458
2011-03-20,1471
2011-03-21,1558
2011-03-22,1451
2011-03-23,1464
2011-03-24,1590
2011-03-25,1397
2011-03-26,1438
2011-03-27,1428
2011-03-28,1537
2011-03-29,1625
2011-03-30,1558
2011-03-31,1643
2011-04-01,1555
2011-04-02,1436
2011-04-03,1599
2011-04-04,1750
2011-04-05,1612
2011-04-06,1537
2011-04-07,1490
2011-04-08,1543
2011-04-09,1365
2011-04-10,1449
2011-04-11,1902
2011-04-12,1615
2011-04-13,1538
2011-04-14,1386
2011-04-15,1310
2011-04-16,1421
2011-04-17,1305
2011-04-18,1798
2011-04-19,1639
2011-04-20,1578
2011-04-21,1793
2011-04-22,1512
2011-04-23,1334
2011-04-24,1352
2011-04-25,1589
2011-04-26,1720
2011-04-27,1679
2011-04-28,1614
2011-04-29,1155
2011-04-30,1219
2011-05-01,1364
2011-05-02,1563
2011-05-03,1620
2011-05-04,1526
2011-05-05,1469
2011-05-06,1289
2011-05-07,1199
2011-05-08,1271
2011-05-09,1623
2011-05-10,1584
2011-05-11,1449
2011-05-12,1539
2011-05-13,1382
2011-05-14,1369
2011-05-15,1517
2011-05-16,1758
2011-05-17,1678
2011-05-18,1684
2011-05-19,1732
2011-05-20,1351
2011-05-21,1261
2011-05-22,1441
2011-05-23,1683
2011-05-24,1578
2011-05-25,1552
2011-05-26,1557
2011-05-27,1436
2011-05-28,1423
2011-05-29,1368
2011-05-30,1763
2011-05-31,1719
2011-06-01,1611
2011-06-02,1604
2011-06-03,1497
2011-06-04,1463
2011-06-05,1640
2011-06-06,1691
2011-06-07,1797
2011-06-08,1709
2011-06-09,1599
2011-06-10,1381
2011-06-11,1397
2011-06-12,1598
2011-06-13,1631
2011-06-14,1685
2011-06-15,1523
2011-06-16,1786
2011-06-17,1489
2011-06-18,1418
2011-06-19,1425
2011-06-20,1759
2011-06-21,1848
2011-06-22,1786
2011-06-23,1750
2011-06-24,1604
2011-06-25,1438
2011-06-26,1560
2011-06-27,1865
2011-06-28,1687
2011-06-29,1808
2011-06-30,1663
2011-07-01,1658
2011-07-02,1517
2011-07-03,1493
2011-07-04,1552
2011-07-05,1903
2011-07-06,1766
2011-07-07,1686
2011-07-08,1571
2011-07-09,1519
2011-07-10,1750
2011-07-11,1790
2011-07-12,1842
2011-07-13,1783
2011-07-14,1531
2011-07-15,1453
2011-07-16,1353
2011-07-17,1542
2011-07-18,1808
2011-07-19,1672
2011-07-20,1743
2011-07-21,1853
2011-07-22,1554
2011-07-23,1386
2011-07-24,1452
2011-07-25,1863
2011-07-26,1889
2011-07-27,1709
2011-07-28,1723
2011-07-29,1471
2011-07-30,1476
2011-07-31,1570
2011-08-01,1819
2011-08-02,1988
2011-08-03,1708
2011-08-04,1743
2011-08-05,1530
2011-08-06,1445
2011-08-07,1725
2011-08-08,1813
2011-08-09,1718
2011-08-10,1629
2011-08-11,1799
2011-08-12,1543
2011-08-13,1496
2011-08-14,1626
2011-08-15,1794
2011-08-16,1764
2011-08-17,1808
2011-08-18,1836
2011-08-19,1659
2011-08-20,1468
2011-08-21,1761
2011-08-22,1839
2011-08-23,1847
2011-08-24,1766
2011-08-25,1861
2011-08-26,1605
2011-08-27,1495
2011-08-28,1588
2011-08-29,1823
2011-08-30,2016
2011-08-31,1771
2011-09-01,1690
2011-09-02,1690
2011-09-03,1691
2011-09-04,1740
2011-09-05,2160
2011-09-06,2231
2011-09-07,1943
2011-09-08,1689
2011-09-09,1593
2011-09-10,1600
2011-09-11,1699
2011-09-12,1791
2011-09-13,1974
2011-09-14,1744
2011-09-15,1969
2011-09-16,1516
2011-09-17,1552
2011-09-18,1709
2011-09-19,1811
2011-09-20,1879
2011-09-21,1725
2011-09-22,1822
2011-09-23,1627
2011-09-24,1531
2011-09-25,1691
2011-09-26,1837
2011-09-27,2023
2011-09-28,1987
2011-09-29,1925
2011-09-30,1689
2011-10-01,1500
2011-10-02,1793
2011-10-03,1805
2011-10-04,1982
2011-10-05,1809
2011-10-06,1858
2011-10-07,1708
2011-10-08,1526
2011-10-09,1662
2011-10-10,2014
2011-10-11,1966
2011-10-12,1831
2011-10-13,1700
2011-10-14,1760
2011-10-15,1546
2011-10-16,1625
2011-10-17,1966
2011-10-18,1879
2011-10-19,1814
2011-10-20,1963
2011-10-21,1536
2011-10-22,1496
2011-10-23,1681
2011-10-24,1894
2011-10-25,2096
2011-10-26,1957
2011-10-27,1977
2011-10-28,1564
2011-10-29,1639
2011-10-30,1674
2011-10-31,1781
2011-11-01,2038
2011-11-02,1724
2011-11-03,1825
2011-11-04,1688
2011-11-05,1701
2011-11-06,1795
2011-11-07,1844
2011-11-08,1805
2011-11-09,1891
2011-11-10,1641
2011-11-11,1596
2011-11-12,1473
2011-11-13,1709
2011-11-14,1856
2011-11-15,1725
2011-11-16,1701
2011-11-17,1762
2011-11-18,1571
2011-11-19,1505
2011-11-20,1582
2011-11-21,1726
2011-11-22,1974
2011-11-23,1762
2011-11-24,1061
2011-11-25,2071
2011-11-26,1736
2011-11-27,1797
2011-11-28,2436
2011-11-29,2064
2011-11-30,1785
2011-12-01,1800
2011-12-02,1497
2011-12-03,1531
2011-12-04,1912
2011-12-05,1736
2011-12-06,1991
2011-12-07,2119
2011-12-08,1740
2011-12-09,1729
2011-12-10,1632
2011-12-11,1561
2011-12-12,1897
2011-12-13,1813
2011-12-14,1807
2011-12-15,1817
2011-12-16,1514
2011-12-17,1717
2011-12-18,1580
2011-12-19,1935
2011-12-20,1894
2011-12-21,1960
2011-12-22,1881
2011-12-23,1855
2011-12-24,1215
2011-12-25,1154
2011-12-26,2023
2011-12-27,2650
2011-12-28,2457
2011-12-29,2508
2011-12-30,2333
2011-12-31,1968
2012-01-01,2169
2012-01-02,2509
2012-01-03,2674
2012-01-04,2276
2012-01-05,2403
2012-01-06,2205
2012-01-07,2084
2012-01-08,2194
2012-01-09,2385
2012-01-10,2238
2012-01-11,2162
2012-01-12,2192
2012-01-13,2121
2012-01-14,2039
2012-01-15,2185
2012-01-16,2420
2012-01-17,2390
2012-01-18,2306
2012-01-19,2461
2012-01-20,1985
2012-01-21,1946
2012-01-22,2068
2012-01-23,2163
2012-01-24,2213
2012-01-25,2131
2012-01-26,2287
2012-01-27,1998
2012-01-28,2108
2012-01-29,2116
2012-01-30,2281
2012-01-31,2399
2012-02-01,2304
2012-02-02,2018
2012-02-03,2093
2012-02-04,2092
2012-02-05,2175
2012-02-06,2310
2012-02-07,2372
2012-02-08,2305
2012-02-09,1970
2012-02-10,2007
2012-02-11,1995
2012-02-12,2108
2012-02-13,2138
2012-02-14,2088
2012-02-15,2281
2012-02-16,2355
2012-02-17,1953
2012-02-18,1917
2012-02-19,2239
2012-02-20,2324
2012-02-21,2269
2012-02-22,2305
2012-02-23,2362
2012-02-24,2109
2012-02-25,2121
2012-02-26,2201
2012-02-27,2200
2012-02-28,2377
2012-02-29,2223
2012-03-01,2604
2012-03-02,2475
2012-03-03,2492
2012-03-04,2632
2012-03-05,2788
2012-03-06,2829
2012-03-07,2143
2012-03-08,2040
2012-03-09,2251
2012-03-10,2119
2012-03-11,2851
2012-03-12,2686
2012-03-13,2920
2012-03-14,2499
2012-03-15,2983
2012-03-16,2229
2012-03-17,1985
2012-03-18,2189
2012-03-19,2439
2012-03-20,2379
2012-03-21,2322
2012-03-22,2655
2012-03-23,2116
2012-03-24,2024
2012-03-25,2158
2012-03-26,2312
2012-03-27,2518
2012-03-28,2298
2012-03-29,2196
2012-03-30,2222
2012-03-31,2138
2012-04-01,2425
2012-04-02,2526
2012-04-03,2334
2012-04-04,2321
2012-04-05,2352
2012-04-06,2227
2012-04-07,2049
2012-04-08,1972
2012-04-09,2589
2012-04-10,2635
2012-04-11,2400
2012-04-12,2362
2012-04-13,2174
2012-04-14,2205
2012-04-15,2220
2012-04-16,2585
2012-04-17,2559
2012-04-18,2696
2012-04-19,2593
2012-04-20,2287
2012-04-21,2094
2012-04-22,2362
2012-04-23,2497
2012-04-24,2772
2012-04-25,2534
2012-04-26,2637
2012-04-27,2137
2012-04-28,2132
2012-04-29,2316
2012-04-30,2658
2012-05-01,2685
2012-05-02,2647
2012-05-03,2451
2012-05-04,2325
2012-05-05,2177
2012-05-06,2296
2012-05-07,2451
2012-05-08,2655
2012-05-09,2466
2012-05-10,2393
2012-05-11,2065
2012-05-12,1882
2012-05-13,2097
2012-05-14,2644
2012-05-15,2565
2012-05-16,2535
2012-05-17,2765
2012-05-18,2246
2012-05-19,2102
2012-05-20,2319
2012-05-21,2652
2012-05-22,2776
2012-05-23,2526
2012-05-24,2626
2012-05-25,2454
2012-05-26,2364
2012-05-27,2224
2012-05-28,2642
2012-05-29,3068
2012-05-30,2424
2012-05-31,2436
2012-06-01,2342
2012-06-02,2265
2012-06-03,2404
2012-06-04,2804
2012-06-05,2787
2012-06-06,2658
2012-06-07,2612
2012-06-08,2266
2012-06-09,2392
2012-06-10,2425
2012-06-11,2724
2012-06-12,2746
2012-06-13,2609
2012-06-14,2449
2012-06-15,2379
2012-06-16,2087
2012-06-17,2182
2012-06-18,2867
2012-06-19,2859
2012-06-20,2701
2012-06-21,2713
2012-06-22,2378
2012-06-23,2247
2012-06-24,2560
2012-06-25,2796
2012-06-26,2801
2012-06-27,2609
2012-06-28,2718
2012-06-29,2390
2012-06-30,2248
2012-07-01,2501
2012-07-02,2465
2012-07-03,2895
2012-07-04,2754
2012-07-05,2713
2012-07-06,2579
2012-07-07,2476
2012-07-08,2643
2012-07-09,2903
2012-07-10,3076
2012-07-11,2759
2012-07-12,2578
2012-07-13,2455
2012-07-14,2450
2012-07-15,2475
2012-07-16,2703
2012-07-17,3063
2012-07-18,2643
2012-07-19,2896
2012-07-20,2440
2012-07-21,2192
2012-07-22,2471
2012-07-23,2762
2012-07-24,2863
2012-07-25,2711
2012-07-26,2840
2012-07-27,2342
2012-07-28,2246
2012-07-29,2457
2012-07-30,2770
2012-07-31,2920
2012-08-01,2812
2012-08-02,2447
2012-08-03,2404
2012-08-04,2107
2012-08-05,2716
2012-08-06,3512
2012-08-07,3393
2012-08-08,3160
2012-08-09,2972
2012-08-10,2779
2012-08-11,2663
2012-08-12,2695
2012-08-13,3038
2012-08-14,3064
2012-08-15,2814
2012-08-16,3018
2012-08-17,2663
2012-08-18,2522
2012-08-19,2598
2012-08-20,2798
2012-08-21,2840
2012-08-22,2662
2012-08-23,2719
2012-08-24,2475
2012-08-25,2501
2012-08-26,2848
2012-08-27,3125
2012-08-28,3390
2012-08-29,2898
2012-08-30,2847
2012-08-31,2588
2012-09-01,2375
2012-09-02,2901
2012-09-03,3267
2012-09-04,3591
2012-09-05,3120
2012-09-06,12086
2012-09-07,4051
2012-09-08,3252
2012-09-09,3530
2012-09-10,3604
2012-09-11,3224
2012-09-12,3156
2012-09-13,3020
2012-09-14,2797
2012-09-15,2538
2012-09-16,3074
2012-09-17,3179
2012-09-18,3364
2012-09-19,3211
2012-09-20,3037
2012-09-21,8449
2012-09-22,3725
2012-09-23,3602
2012-09-24,3833
2012-09-25,3652
2012-09-26,3446
2012-09-27,3277
2012-09-28,2919
2012-09-29,2755
2012-09-30,3172
2012-10-01,3397
2012-10-02,3659
2012-10-03,3352
2012-10-04,3240
2012-10-05,3034
2012-10-06,6962
2012-10-07,4148
2012-10-08,4511
2012-10-09,3999
2012-10-10,3728
2012-10-11,3445
2012-10-12,3143
2012-10-13,3150
2012-10-14,3437
2012-10-15,3648
2012-10-16,3509
2012-10-17,3564
2012-10-18,3879
2012-10-19,3179
2012-10-20,2839
2012-10-21,6344
2012-10-22,4684
2012-10-23,3850
2012-10-24,3854
2012-10-25,3844
2012-10-26,3670
2012-10-27,3297
2012-10-28,3360
2012-10-29,3722
2012-10-30,3867
2012-10-31,3436
2012-11-01,3548
2012-11-02,3502
2012-11-03,3324
2012-11-04,3675
2012-11-05,6784
2012-11-06,4207
2012-11-07,3686
2012-11-08,3671
2012-11-09,3494
2012-11-10,3897
2012-11-11,4053
2012-11-12,3587
2012-11-13,4730
2012-11-14,4224
2012-11-15,3948
2012-11-16,3691
2012-11-17,3871
2012-11-18,4197
2012-11-19,4251
2012-11-20,8136
2012-11-21,5023
2012-11-22,3733
2012-11-23,4802
2012-11-24,5798
2012-11-25,5825
2012-11-26,6952
2012-11-27,6362
2012-11-28,5842
2012-11-29,5752
2012-11-30,5042
2012-12-01,4797
2012-12-02,5033
2012-12-03,5999
2012-12-04,5953
2012-12-05,10185
2012-12-06,6399
2012-12-07,6144
2012-12-08,5610
2012-12-09,6531
2012-12-10,6936
2012-12-11,6564
2012-12-12,6228
2012-12-13,6276
2012-12-14,4429
2012-12-15,4453
2012-12-16,4712
2012-12-17,5027
2012-12-18,4973
2012-12-19,10580
2012-12-20,10418
2012-12-21,6774
2012-12-22,5091
2012-12-23,6013
2012-12-24,5126
2012-12-25,5275
2012-12-26,8737
2012-12-27,9186
2012-12-28,9254
2012-12-29,8455
2012-12-30,8529
2012-12-31,8112
2013-01-01,8498
2013-01-02,9237
2013-01-03,8509
2013-01-04,11526
2013-01-05,9198
2013-01-06,9107
2013-01-07,8570
2013-01-08,8500
2013-01-09,8223
2013-01-10,8337
2013-01-11,8511
2013-01-12,8502
2013-01-13,8606
2013-01-14,8578
2013-01-15,7902
2013-01-16,7811
2013-01-17,7787
2013-01-18,7450
2013-01-19,10416
2013-01-20,8487
2013-01-21,8906
2013-01-22,7899
2013-01-23,8017
2013-01-24,7781
2013-01-25,7795
2013-01-26,8399
2013-01-27,8797
2013-01-28,8804
2013-01-29,7478
2013-01-30,8783
2013-01-31,7902
2013-02-01,7100
2013-02-02,6448
2013-02-03,10371
2013-02-04,9147
2013-02-05,8472
2013-02-06,8019
2013-02-07,7678
2013-02-08,7496
2013-02-09,7777
2013-02-10,9209
2013-02-11,7360
2013-02-12,7855
2013-02-13,7898
2013-02-14,6148
2013-02-15,6210
2013-02-16,7091
2013-02-17,6992
2013-02-18,14358
2013-02-19,8218
2013-02-20,7385
2013-02-21,9026
2013-02-22,8826
2013-02-23,8624
2013-02-24,8809
2013-02-25,7646
2013-02-26,9935
2013-02-27,8960
2013-02-28,8305
2013-03-01,6543
2013-03-02,8024
2013-03-03,8280
2013-03-04,9272
2013-03-05,10853
2013-03-06,7996
2013-03-07,8918
2013-03-08,6816
2013-03-09,8984
2013-03-10,8084
2013-03-11,7765
2013-03-12,9769
2013-03-13,6276
2013-03-14,9839
2013-03-15,7356
2013-03-16,6788
2013-03-17,7680
2013-03-18,8313
2013-03-19,7220
2013-03-20,12583
2013-03-21,8709
2013-03-22,7389
2013-03-23,6657
2013-03-24,11533
2013-03-25,9695
2013-03-26,8710
2013-03-27,6631
2013-03-28,8339
2013-03-29,8810
2013-03-30,7207
2013-03-31,6571
2013-04-01,7549
2013-04-02,8756
2013-04-03,8319
2013-04-04,11481
2013-04-05,8788
2013-04-06,7723
2013-04-07,7574
2013-04-08,7394
2013-04-09,11743
2013-04-10,7368
2013-04-11,8852
2013-04-12,7848
2013-04-13,8576
2013-04-14,7784
2013-04-15,6818
2013-04-16,6186
2013-04-17,10241
2013-04-18,7695
2013-04-19,9796
2013-04-20,7479
2013-04-21,7687
2013-04-22,8036
2013-04-23,7110
2013-04-24,10623
2013-04-25,8368
2013-04-26,6157
2013-04-27,7282
2013-04-28,9631
2013-04-29,7990
2013-04-30,7083
2013-05-01,8315
2013-05-02,8274
2013-05-03,7307
2013-05-04,9938
2013-05-05,8129
2013-05-06,7574
2013-05-07,6681
2013-05-08,5842
2013-05-09,7298
2013-05-10,11460
2013-05-11,7829
2013-05-12,6605
2013-05-13,7998
2013-05-14,9505
2013-05-15,7975
2013-05-16,7426
2013-05-17,7363
2013-05-18,7190
2013-05-19,9686
2013-05-20,7535
2013-05-21,6890
2013-05-22,7962
2013-05-23,7091
2013-05-24,5984
2013-05-25,9524
2013-05-26,7996
2013-05-27,7624
2013-05-28,8904
2013-05-29,9405
2013-05-30,8285
2013-05-31,6800
2013-06-01,8444
2013-06-02,6822
2013-06-03,7757
2013-06-04,6606
2013-06-05,11930
2013-06-06,6905
2013-06-07,7786
2013-06-08,9153
2013-06-09,8243
2013-06-10,8265
2013-06-11,8779
2013-06-12,7839
2013-06-13,8390
2013-06-14,7785
2013-06-15,6159
2013-06-16,7927
2013-06-17,7910
2013-06-18,7097
2013-06-19,6527
2013-06-20,11235
2013-06-21,7337
2013-06-22,6380
2013-06-23,9985
2013-06-24,8275
2013-06-25,8339
2013-06-26,8687
2013-06-27,7330
2013-06-28,7129
2013-06-29,6108
2013-06-30,9516
2013-07-01,9045
2013-07-02,7781
2013-07-03,7022
2013-07-04,6247
2013-07-05,9761
2013-07-06,7434
2013-07-07,8829
2013-07-08,8348
2013-07-09,9775
2013-07-10,8182
2013-07-11,8682
2013-07-12,7176
2013-07-13,6173
2013-07-14,8901
2013-07-15,8208
2013-07-16,8440
2013-07-17,7618
2013-07-18,7474
2013-07-19,7032
2013-07-20,6294
2013-07-21,10184
2013-07-22,9354
2013-07-23,7412
2013-07-24,9273
2013-07-25,8685
2013-07-26,6988
2013-07-27,8018
2013-07-28,7839
2013-07-29,9924
2013-07-30,9676
2013-07-31,8828
2013-08-01,7808
2013-08-02,7599
2013-08-03,7401
2013-08-04,9603
2013-08-05,9062
2013-08-06,7902
2013-08-07,6492
2013-08-08,6033
2013-08-09,9946
2013-08-10,8425
2013-08-11,8485
2013-08-12,8572
2013-08-13,9631
2013-08-14,8009
2013-08-15,9025
2013-08-16,7826
2013-08-17,6917
2013-08-18,8250
2013-08-19,7567
2013-08-20,10290
2013-08-21,8266
2013-08-22,8470
2013-08-23,8801
2013-08-24,7004
2013-08-25,8576
2013-08-26,7910
2013-08-27,8922
2013-08-28,7041
2013-08-29,9897
2013-08-30,8025
2013-08-31,7777
2013-09-01,7303
2013-09-02,8620
2013-09-03,9096
2013-09-04,9659
2013-09-05,8295
2013-09-06,8116
2013-09-07,8949
2013-09-08,7663
2013-09-09,7544
2013-09-10,8458
2013-09-11,6540
2013-09-12,7665
2013-09-13,7922
2013-09-14,8133
2013-09-15,7925
2013-09-16,7770
2013-09-17,6351
2013-09-18,8335
2013-09-19,9478
2013-09-20,7316
2013-09-21,7763
2013-09-22,8897
2013-09-23,7786
2013-09-24,8089
2013-09-25,7779
2013-09-26,6902
2013-09-27,7689
2013-09-28,6029
2013-09-29,9025
2013-09-30,7897
2013-10-01,6740
2013-10-02,9931
2013-10-03,7856
2013-10-04,8862
2013-10-05,7649
2013-10-06,7211
2013-10-07,9877
2013-10-08,7943
2013-10-09,6861
2013-10-10,6274
2013-10-11,8062
2013-10-12,6258
2013-10-13,8166
2013-10-14,9792
2013-10-15,8096
2013-10-16,6826
2013-10-17,7935
2013-10-18,7703
2013-10-19,8095
2013-10-20,7611
2013-10-21,7399
2013-10-22,9468
2013-10-23,7029
2013-10-24,7189
2013-10-25,6666
2013-10-26,7131
2013-10-27,7573
2013-10-28,8715
2013-10-29,7822
2013-10-30,9795
2013-10-31,7026
2013-11-01,7677
2013-11-02,7549
2013-11-03,9153
2013-11-04,8597
2013-11-05,7562
2013-11-06,9168
2013-11-07,7776
2013-11-08,7581
2013-11-09,6726
2013-11-10,7002
2013-11-11,7035
2013-11-12,7579
2013-11-13,9643
2013-11-14,10248
2013-11-15,7629
2013-11-16,7076
2013-11-17,9170
2013-11-18,7511
2013-11-19,10468
2013-11-20,8373
2013-11-21,7226
2013-11-22,8666
2013-11-23,7748
2013-11-24,7825
2013-11-25,8065
2013-11-26,7758
2013-11-27,7589
2013-11-28,5431
2013-11-29,8015
2013-11-30,8072
2013-12-01,8240
2013-12-02,9205
2013-12-03,8588
2013-12-04,7463
2013-12-05,9406
2013-12-06,8212
2013-12-07,9053
2013-12-08,8953
2013-12-09,9033
2013-12-10,8700
2013-12-11,7989
2013-12-12,7677
2013-12-13,7536
2013-12-14,8067
2013-12-15,8307
2013-12-16,8084
2013-12-17,8581
2013-12-18,7902
2013-12-19,7402
2013-12-20,8326
2013-12-21,6846
2013-12-22,8400
2013-12-23,7505
2013-12-24,5887
2013-12-25,5976
2013-12-26,8825
2013-12-27,9387
2013-12-28,9979
2013-12-29,11273
2013-12-30,10976
2013-12-31,9829
2014-01-01,10733
2014-01-02,10440
2014-01-03,12034
2014-01-04,11990
2014-01-05,10599
2014-01-06,10592
2014-01-07,12179
2014-01-08,11986
2014-01-09,10678
2014-01-10,9436
2014-01-11,10630
2014-01-12,10934
2014-01-13,9802
2014-01-14,11453
2014-01-15,9343
2014-01-16,10869
2014-01-17,9132
2014-01-18,9186
2014-01-19,10586
2014-01-20,10901
2014-01-21,9933
2014-01-22,10006
2014-01-23,9789
2014-01-24,8557
2014-01-25,8299
2014-01-26,8649
2014-01-27,8684
2014-01-28,14852
2014-01-29,12149
2014-01-30,10294
2014-01-31,9851
2014-02-01,9414
2014-02-02,10151
2014-02-03,10850
2014-02-04,10949
2014-02-05,10594
2014-02-06,9435
2014-02-07,9490
2014-02-08,9962
2014-02-09,9714
2014-02-10,11041
2014-02-11,9956
2014-02-12,10813
2014-02-13,10250
2014-02-14,8879
2014-02-15,10519
2014-02-16,9361
2014-02-17,10359
2014-02-18,11370
2014-02-19,9716
2014-02-20,10920
2014-02-21,9622
2014-02-22,8957
2014-02-23,9266
2014-02-24,9680
2014-02-25,9282
2014-02-26,8961
2014-02-27,8389
2014-02-28,7713
2014-03-01,8294
2014-03-02,12845
2014-03-03,10909
2014-03-04,10311
2014-03-05,9447
2014-03-06,9220
2014-03-07,9087
2014-03-08,8602
2014-03-09,9030
2014-03-10,11752
2014-03-11,8607
2014-03-12,10443
2014-03-13,9220
2014-03-14,8944
2014-03-15,8691
2014-03-16,9420
2014-03-17,9802
2014-03-18,10493
2014-03-19,14049
2014-03-20,10970
2014-03-21,9211
2014-03-22,9865
2014-03-23,8124
2014-03-24,8862
2014-03-25,13178
2014-03-26,8276
2014-03-27,13636
2014-03-28,11254
2014-03-29,10218
2014-03-30,10832
2014-03-31,9928
2014-04-01,9560
2014-04-02,11236
2014-04-03,9015
2014-04-04,12038
2014-04-05,10257
2014-04-06,9949
2014-04-07,11243
2014-04-08,9968
2014-04-09,9252
2014-04-10,10433
2014-04-11,8513
2014-04-12,10429
2014-04-13,9893
2014-04-14,10485
2014-04-15,10843
2014-04-16,9866
2014-04-17,9755
2014-04-18,9579
2014-04-19,8251
2014-04-20,9232
2014-04-21,11049
2014-04-22,10366
2014-04-23,10470
2014-04-24,10066
2014-04-25,9140
2014-04-26,9148
2014-04-27,9988
2014-04-28,11773
2014-04-29,11032
2014-04-30,10328
2014-05-01,9601
2014-05-02,8772
2014-05-03,8512
2014-05-04,9680
2014-05-05,10256
2014-05-06,11186
2014-05-07,10336
2014-05-08,10162
2014-05-09,9712
2014-05-10,8760
2014-05-11,8508
2014-05-12,11183
2014-05-13,10273
2014-05-14,11400
2014-05-15,10848
2014-05-16,9082
2014-05-17,8731
2014-05-18,9182
2014-05-19,10334
2014-05-20,9949
2014-05-21,9430
2014-05-22,11288
2014-05-23,9091
2014-05-24,8390
2014-05-25,9156
2014-05-26,10244
2014-05-27,10107
2014-05-28,9188
2014-05-29,10462
2014-05-30,10350
2014-05-31,8919
2014-06-01,9928
2014-06-02,10736
2014-06-03,10462
2014-06-04,9597
2014-06-05,9535
2014-06-06,8996
2014-06-07,9460
2014-06-08,9581
2014-06-09,8720
2014-06-10,10897
2014-06-11,10302
2014-06-12,9272
2014-06-13,8829
2014-06-14,8494
2014-06-15,9606
2014-06-16,10612
2014-06-17,9458
2014-06-18,11061
2014-06-19,9845
2014-06-20,9010
2014-06-21,8770
2014-06-22,9301
2014-06-23,11179
2014-06-24,10412
2014-06-25,9211
2014-06-26,10609
2014-06-27,9335
2014-06-28,9037
2014-06-29,9741
2014-06-30,10700
2014-07-01,11399
2014-07-02,11083
2014-07-03,9481
2014-07-04,9857
2014-07-05,10294
2014-07-06,11197
2014-07-07,12775
2014-07-08,11486
2014-07-09,11525
2014-07-10,11199
2014-07-11,9200
2014-07-12,5248
2014-07-13,4674
2014-07-14,4792
2014-07-15,4273
2014-07-16,3823
2014-07-17,3337
2014-07-18,2927
2014-07-19,2797
2014-07-20,3332
2014-07-21,3456
2014-07-22,2697
2014-07-23,619
